q1,q2,q3,q4,q5,q6,q7,q8,q9,q10
-3.526755035123761,-0.5144141924294336,-2.3923403799638767,-3.651130135281052,-2.3593369286643036,-2.698953556426839,-1.1271438512779075,-2.4979283417597418,-1.9047104614733017,-3.4930142636365904
-0.017517552029565175,-0.4508991659319493,-0.9648060610549264,-0.7639360568842142,-0.29902361590759086,-1.1005713441974116,-0.3100496402011807,2.3251567254084904,-0.29303737836440424,0.5333934926350415
-0.8029066636549288,-1.1771190344405689,-1.1842398806447814,-0.49475832628017724,-0.9633191845233628,0.9480594571574612,0.46793210226693793,1.3385787838941805,-1.3853344883285774,-0.14484915469303203
0.9554258136521051,0.003139896902784961,0.40170198420770475,0.8479147040366116,-0.41092295685888475,-0.633780415154641,0.014321568215279143,-1.0015490954483777,0.4899338321947118,0.2418186707725751
-0.08759455191231566,0.6478298589950456,1.1656613678128385,1.903959263107403,1.7286490903793779,-0.7097133167594541,-1.1102078845410208,-0.4439472831262679,0.48538184295666015,-0.22064923976141887
3.3594911807389454,3.124137326605055,2.013312655620223,1.4873252791384997,0.455908580501884,3.0583921872780895,0.9947134290908507,1.9115798128480885,1.351121545480643,1.5285918888453789
0.1495208406096693,-0.08864773003299725,0.18384829832824048,-0.4661137101728665,0.9145348386169139,-0.42672898916593466,0.7374420051601471,0.7648547368833567,-0.6172702186615707,-0.6405259469341144
1.373046324240411,1.2332339874568845,0.3056434888021713,0.6835143974419641,0.06825980232914866,0.021418155728609008,-0.11429117728924654,0.18700970068199793,0.709345047962222,0.5597343747786334
0.1106614246230303,-0.48634484357356866,0.4314767548563089,-1.7638798698274598,-0.7545920761467892,0.07891320349896744,-1.407049191877137,-0.880698626628524,2.3509308949879393,0.07745325510948653
0.4571227134079684,-0.5453753340413448,1.1678312531452786,0.09692196513682122,0.27273476945439185,-1.07661856254162,0.6238512056846398,-0.16458580818962523,0.07337735686893286,0.5730421584503503
0.5663338901087295,-0.40177107947773816,0.8659769894464223,1.8005898941312237,-0.11768866561460012,-0.8493277187721202,0.14645035661059602,-0.31318302823328853,0.03853539716323597,1.808017725191536
0.7874159811402368,1.0442787729973646,-0.03290497814851201,0.7677306118561154,-0.6381552754525465,-0.8860288620609389,0.22074383039538273,0.2902359499773983,1.7888806959993289,1.3833184955170352
-1.7384305773133817,-1.695443811804049,0.023913847773886054,0.30283352999988844,-0.3446450008808682,0.21757603129237563,-0.5547085090610966,1.641412724139302,-1.0818630983882271,-1.116786607647748
-0.10938480028983827,-0.3545744985336243,0.21223544012866713,1.363649588406356,-0.03974019969162579,-0.14556973883972926,1.7425016111551752,1.880055427179016,-0.5025361595540098,1.0916758251841903
-0.47969955184493174,-0.8440747004013842,-0.6132805500677726,1.2496771407109868,0.1128680762110927,-1.3398646220206247,-1.1230779284879893,0.2170287513520269,0.3173788917397169,0.0939662339267888
-1.2319256850917035,-2.1145123470530125,-0.3697721561319111,0.09732550282748237,-0.25115044875537484,-1.4630481754067504,0.06528301433418829,-0.5573657197711024,-2.166009081596211,-1.8481188620031652
1.0545641709180906,0.5714426452851706,1.5086771539710115,1.3905837629782485,0.608485897863719,-0.0460706384406885,1.6183968317197739,-0.19818094102076844,0.8662187027321833,-0.14025974127628338
0.8810744485801313,-0.7532363752000015,0.7872154953491075,1.2034926272515263,-0.15704331398705726,-0.25416287097990187,1.316568991662795,-0.8376350495865392,-0.13398147778447012,-0.6860852211269043
-0.8942012407551501,-0.8918335174727949,-2.966531662731616,-0.3601581060544098,-1.834237859322538,-1.4285309440278722,-0.896822377566672,-2.304139143229735,-2.298168601535344,-1.222830193961107
-1.6453334159452488,-2.0463026680349876,-0.5615508483059705,0.31698435471438596,0.6850473472043778,-0.13338484044194415,-0.6706427583742796,0.09671832843439582,0.0897924008508101,-0.59552454907735
0.7012007898672149,1.0758114594407364,0.9848039367054578,-0.7701279028498862,0.523579297884852,0.9934303273197275,0.48552605951019134,0.011403575429008102,0.6070210429263944,-0.06497146029534505
0.7569025795022686,0.3166848134914166,0.4214230527982715,2.6392045479133532,0.891294514988749,0.413969562910378,0.3888527126258124,0.495732115295134,-1.330708097225695,1.8721368197257688
-0.6984806087921054,0.4213654943596848,-0.5034187113173433,-0.907285871390845,1.1307833255997737,-0.9920729775187104,-1.0530382871435051,0.7930429835900703,-0.006615384057132592,-0.6685386237949482
1.6290444930229309,0.5701488391294612,0.6191775198237371,1.1468932173823936,0.6890008936591372,-1.114754644116895,-0.21262776876928824,0.38470064069331733,1.825933854103501,0.4423615787821664
1.0750879066834802,1.5773266686373082,0.41703277173151493,1.3601756580103308,0.5750902672703179,2.172163341211361,0.5685322076077816,0.56443681280678,-0.5628520188069664,1.6922859781024149
-0.5696563643580146,-1.0971257175005076,-1.3417787396726095,-1.1195552910583946,-1.3267076726292024,-1.325188734577112,-1.126773300106563,-0.2524523769938454,-1.3804966425288676,-1.2614608519056327
-1.5408092609879085,0.0694336358118699,0.770659367925389,1.1018800572987526,0.8614705418430497,0.8631920864439281,0.6519994219311633,0.28782347367632466,-1.9799626809685602,-0.7851329083217926
-0.8557621752031865,-1.3173712714646992,-0.3443110264919768,-1.1371660440281315,-0.692695387911683,-1.8635776219904827,-0.7550857654727782,-1.4974238416340917,0.40852213556008543,-1.8389480473636661
-0.04785538790913649,-1.1908724259249772,-0.4513705283153905,0.06834157315258091,-1.7944686540797763,0.8982518750403464,-0.24161828381859415,-0.6580983701847976,-2.3185405955728533,-0.9297725126816248
1.4581035905964197,2.3857092857463273,1.307378454379493,0.9583037227449633,1.7057903420440221,2.4187120890149854,1.1014040260100415,3.9746280885185423,0.7938268694770099,1.5711586357791183
0.3655817489899227,0.7085785099034136,0.9758519329301286,1.5601824060058185,1.3709590466540038,0.8349915577128778,0.8617130198637704,0.7334153057811574,-0.2903378844774199,0.44860124698258025
0.8696908414240937,2.022788990507376,1.0381518826011662,-0.13551350438429047,2.3679447925152113,1.522095014855191,1.9396232752722544,2.5675799425988677,1.3498803760232294,-0.6502698613090364
0.6137920148792038,-0.14032158569989187,1.1493093122040068,1.6058386054453035,0.1370221162551699,-2.656718984694874,-1.5917267355278437,-0.9464831468494804,0.19042614772711194,0.6902179534742671
-0.8202838734336226,-1.4860299652560602,0.1943164817508653,-1.1779793713156606,-0.08278205265401001,-0.5984926087640255,-1.5401795987867732,0.10233150509611152,-0.08362745172321037,-0.6818741613298686
-2.408712880683666,-2.7597969070888473,-1.7220611859576664,-1.4133331571782626,-1.348868506567981,-2.300404939206466,-3.3712863944348563,-1.7919359933093728,-3.0693671338869497,-2.3531980561798016
0.10726094403409088,-0.6341971205233033,0.837006608754301,-0.025211057939834188,0.736766934932503,2.011622863016379,-1.7303909571149612,1.2462707025490136,1.1738832542708961,1.2493013181433485
-0.5198609228094522,-1.021884308332517,0.7072975443706211,-0.5819633978095222,0.6247819106282374,1.098798745620062,1.0805925615749856,1.640881327716262,1.201528269841922,-0.45560197048001494
2.2849111157653503,1.7004601465788385,0.7850597209137425,-0.23784583432101444,0.27427352091611706,0.3985125064910756,-1.6609997046082028,0.2108099635348012,-0.06857411613685832,-0.4687934482034291
-0.35793020354558697,-0.05433397624332337,-1.574972287350138,-0.9131782083444514,-1.5637056374045382,-0.6278731100791333,-1.2699860659263802,-1.5098643705700943,-0.9126599138328465,-2.5115758566503703
1.387341754536345,1.7759688856009241,1.538523044749955,2.1152826378652203,1.4909292406827284,1.3717618425775024,1.9036501966427493,1.2086757388909417,0.35541669683055055,3.2515462239204056
0.5123953216510628,1.216203573206431,-0.1566613197885823,0.22797939523847122,0.1841372260269695,1.0872392032725073,-0.05558473541278995,-0.7674039500291188,1.4729471137683903,-0.11106380997347334
0.9625703862156623,0.23559701682891024,0.6022502358774462,0.4999704312792404,-0.6517788264839043,0.32913007995870186,0.46508594764612454,-0.007840978653329708,-0.11390206546923205,0.19994640728883883
0.749678490097502,0.03783387903714353,1.5948467827332802,0.3880266410981587,0.18707118371464182,0.04413985207394485,1.3848914914204857,-0.24961062573058468,0.6413836708323966,-0.13196750638418403
1.2525391644798831,0.34686797118314455,1.4231950271752174,1.8704385915593864,1.148450444937225,0.05057566047704826,-0.1121485055872806,0.9787351178121512,-0.7381130507102279,-0.5971165522799053
-2.6136868713889965,-0.6179324796381296,0.1100571761931308,0.06929161582731999,1.568801175136041,-0.7751625600196317,0.5577146487030255,-0.1390079923383335,-1.6660436107751972,-0.848419503908328
0.12175640599313287,0.20927294789012313,0.8504394099813514,0.3246379918302952,0.12013185902863877,0.29337065330620676,1.022531623552625,-0.07598287633491316,0.4570782718897958,0.6213136904206767
0.9764500621810295,0.706327692414493,0.5052970126237212,2.207682035246213,0.9295954916054531,1.7100877257389246,0.19221489261141103,0.4939492331453126,0.07189395131381124,1.4253796713695621
1.4357602700071599,-0.25524858853512084,0.4820915679409543,0.9331934953194707,-0.18595134695799595,1.7201122288230886,1.1751923085537368,0.40739795240649845,1.8307484884865992,2.449766722247603
0.7933370704064626,0.4194989187945993,1.7216689419642783,0.6341376871797562,0.9697943359012974,1.2309682414767662,0.619344797342851,1.5024656112186332,0.068152098381051407,0.8980342982926115
1.2414964132738793,0.49780084246599676,0.4664345308097386,-1.3025376875468575,0.23212317060678017,3.017861146531214,1.8888185583096309,3.077287433795909,1.3010632084638318,0.4893379707523505
-0.7793174157477148,-2.022567796736112,-0.5591993126215878,-0.29328769237410096,-1.1761334095629854,-1.6649175862260635,-2.350951592234529,-1.5607487938331297,-0.28519493844310817,-0.48539997952075964
0.16779602002062266,-0.07958183246060742,0.4080928171757307,-0.7456487807504115,-0.7627832368928926,-0.1407426735641205,-0.3813456098057001,-0.3516549463113454,0.3899595691091516,1.1751803476028948
-0.32197189131025084,0.4731846273178195,-0.052485209898479435,-1.6203786813762524,-0.2837344409591436,-0.36107824305633707,-1.623401139724434,0.08459106943505795,-0.9323623666115715,-0.763789478552948
1.3044972683832199,1.4889723906332544,1.3599292400316778,1.3636678722775226,1.126877113516771,0.9935571311244757,1.9860042186837186,1.348198851377959,1.0512760617425758,2.1030278794151487
-0.5267486169542991,-0.3717959942599376,0.9635322753317797,0.5262965340174272,0.4930144417211699,-0.641644200798761,-0.29426414965469944,-0.8570781033546573,0.8872945693748887,-0.2808726897468549
1.707170773099734,0.09827663356549142,3.2594296491179073,0.8527157761686099,2.376774408019964,2.6048068815929124,1.8865114364497473,1.515510747152873,0.848380659046146,1.3159367411075087
0.09504001568447867,-0.28625927957983943,-0.18929764831993962,-0.8457845757670805,0.8880298680586827,-0.3197544001559613,0.3524733990457204,-0.0020317332865319865,-0.5908031954228548,-1.2830651316447046
1.1905859987968996,1.9074614488236368,1.7595635187201275,1.1829639318081162,2.710944401855436,2.7196007671146587,1.4744764965990693,2.689023619538596,-0.11089985830514301,1.8537278578216996
-0.6737472116919085,0.7714157449292871,-0.7882527419376346,0.2829912941604245,0.44618162811203865,0.2050119072589028,-0.749613462069926,-0.06597351393855021,1.0695000470413258,1.20901262686032
-3.4143048637332796,-2.2314657764104653,-3.8205702672121986,-3.642176239672425,-2.874282576631195,-1.5028720762803878,-1.6530611781760902,-2.4188135657502565,-2.8684216685384136,-3.8243470040468073
0.785835554395295,-0.36249970334479953,0.0682087038431471,0.06688611964992895,-0.7610357961713275,0.6786628809929314,1.088629191892366,-0.3042364799867989,0.28666651394427983,-0.868046463520258
1.8338348156531918,2.10944160780367,1.7031905651618977,2.2475290610520027,0.2937363645521568,1.3953687516822477,2.4946955861039157,1.3451062971012018,1.2860214128932173,2.446382969877627
-3.458024598938127,-2.3755077575468233,-2.415948146246058,-1.5509620260295154,-1.4400222377033502,-1.6170953131069765,-2.7705103420784822,-2.9256359195496406,-2.384510495634815,-1.0004943494913783
0.2956831695757063,-0.31117009729498024,-0.6437726743994023,-2.408535919280292,-1.969541285323036,0.971281723045768,-0.2553259515530357,-0.30512504316704603,0.7174638063391358,-0.23071519403105736
0.7495835562943414,-0.1196768790931001,-0.6019061927947855,-0.44436743359493447,-0.1773957738774245,-0.4110457925148209,0.19086595897564038,0.1973196697761177,-0.09596627348882777,0.32898225788794255
1.521517517785748,0.7900616397177933,1.5483537546876238,1.4209348833353186,0.8364498384545512,1.3774436959540801,1.9389314404858902,-0.03362179364143625,1.3436298563521765,0.08348101315848619
-2.5654082179660325,-2.407770466282723,-1.5097200454567299,-0.8662183437972946,-1.4469330995991376,-0.5875392608077532,0.18088816535224986,-1.9557183836898822,-3.5649529410078205,-2.73464386504367
-1.0041474271100561,0.9062995689193694,-0.14947968327449201,0.6302453873094753,0.3924564368425431,-0.7282230302251473,-1.128312680635265,-0.3457842824815584,-1.5345441310297891,0.4161154227206875
3.4327882215714296,2.2940461786288044,3.175663777939773,3.1488323840366808,0.8449055266204515,2.411338776391213,1.0495382104362447,2.2494345152890607,1.5143664158712327,3.2489522950529865
1.9793098563389746,0.49744069360810284,1.3368040933761145,1.8883379972345458,0.2566587739868056,1.7317918330288011,0.505986456439174,0.3498018289993576,1.136767447936867,1.3233802144432716
-1.6673216884309967,-0.8679903004940777,-0.1915185349501071,-0.5426551702570325,-0.10978821600905844,0.500270428655128,0.4233917378844482,0.10247818319593067,-2.189135550732956,-0.5005713169041829
0.952733361361108,-0.4611886254922585,-0.17148836411009527,0.03414597764113003,-0.36988147215769995,-0.2711151936470493,1.3131713955719184,0.09810667468030769,0.3430493009348511,-0.6829881652368914
0.11660473401655624,0.45769828172240834,0.05308524301770181,0.8169980560368486,0.6993787319380258,-0.22692604502943475,0.3802530247747769,0.05978544197128617,-0.7121934854246463,-0.9315220800125691
-1.212088047511495,-0.7528809051083978,0.16820338253901004,-0.9615194727932469,-0.009317687191302812,-1.6193907899927893,-0.22489454770527137,0.1311186827008606,-0.8218076603672879,-0.5300269562529116
-0.43779076859385835,-0.14961523555702347,0.35985878472593547,0.814394038110551,-0.6443693283629989,-0.7819508616522255,0.3333503820233044,-0.9865800952872213,-0.052088698907975836,-0.3946072183257296
0.7327275018386066,0.5050738627478201,0.922979284696342,0.41924824983230025,-0.2993374549452434,-0.45035051456708236,-0.1875768786091597,-1.5910868844303603,-0.6382991329690679,0.09411367820718014
-0.5788760583231183,-0.21412881320427557,-1.238847897448826,-0.22666135021708012,-1.386570683604114,0.13164393948710948,0.39459931881850246,0.00615790214843813,-0.538181406156964,-0.7094708635435897
0.18729195290002432,0.6275440053881983,-0.5722969371660803,-1.237568854559763,-1.2814924658825544,0.9387004107971405,1.3295965201274635,-0.6964452891417132,0.21533199596319974,-0.09950705138423416
-0.8678456863431213,-0.7299579772179449,-0.1424341008743472,-1.390338035150894,-0.5384338678777872,-2.3720487251418687,-0.08992179572508874,-1.3166754245856573,0.21619727164878688,-1.0239554747000303
1.6303932999715214,-2.224392554331912,0.6452750687897887,1.1761421233999991,-1.7480516126684251,0.08035629435896338,-0.10296933569298365,0.0622571815624689,0.3457677226142319,0.6746574619087192
0.2024961447743597,-0.5858475343104919,0.04006083393219753,-1.443347458931772,-0.04420969870367386,-0.028389660893041013,0.3747217161449655,-0.09489814082430045,-1.0685896488018867,-0.7765312716771372
-1.379410358204498,-1.36359968015516,-2.194546595940609,-2.348069574344916,-2.1409638350328177,0.279956380602566,-1.7899715346508094,-0.7188851678379637,-0.6908124373234182,-0.928914545599656
-0.5067209770773413,2.344844076741864,-0.20819610645550668,1.32401339045286,1.8803454130119124,0.3201785051106727,1.0672301390328776,1.8780353766675095,0.7548829675938341,1.665871703993645
0.17708635737041215,-0.6113759989069034,0.9910607754322818,0.8654550894970535,-0.11786556498347861,1.4687247921713302,0.20203195536702467,0.6945538867010081,0.21249281418585844,1.4876713841718618
-0.20185477235245086,-1.849720272639842,0.14048486135764737,-0.15542972256336463,1.260184369856642,0.9722663571642098,0.48230611950490965,1.3309143761946272,-0.6620915165745449,-0.7274728677559916
-0.3358407058825019,1.6220090688742033,-1.085448200013209,-0.22009434649339102,-2.2332207916506546,-0.23219032121522742,-0.2443903637861597,-2.4426422196913937,-0.00798898190150879,-0.7410743609620756
-1.381552341473608,-1.4908565320000648,-0.27188768107195316,-0.6684514467693676,-0.6442933655830013,-0.7592410736452577,-2.0736510375722226,-0.7877279103417543,-0.29738440858048876,0.22901256009251458
2.3478280792863266,0.5505329575298499,1.259932167847545,0.7374144261519566,-0.23056831594781374,0.643040720093967,2.6236479047378687,0.030533929094326152,0.18658130842066808,0.9070477739978955
-0.6669297597259405,0.36072174967903126,-0.5522847952238427,0.5130969243538104,2.080730920586488,0.8340735605851956,-0.003078718152242931,2.407266483173976,0.12113162644485032,0.7340095923841662
-0.28935924794852125,-0.10639335977688116,0.42347457152437096,0.14195722442091907,0.5051619707599652,1.1471012653912798,0.5888584423641972,1.5007125801894812,-0.20713385581575622,0.13690118675353036
-0.116021367865606,0.3885642176380683,-1.3296930825101811,-1.220653447288999,-1.6568237163082975,-1.905170399296688,-2.1477623587645076,-0.6619041978573851,0.23449973999614743,-0.48655236618952935
-0.11390968178324021,1.7018770811147221,-0.8917130235124265,-1.469066437788717,-0.6607671356463074,-2.0271301129012467,-0.3873783449274907,-2.2919182234391275,-1.7772393739496548,-0.2850154098121417
0.02352996418186237,-0.18542410362888329,-0.7828448508096496,-1.515080503791001,-1.6175956512352283,-0.7154826026699572,0.8562670955591856,-1.5364871273484038,-0.7630240953019517,-2.3212386807916414
-1.4958520350532005,-1.0087159855572434,0.38672655763944463,-0.4043331536156051,-0.9486676023901232,-0.9193669010713514,-0.001945700832321911,-0.8621765662939275,-2.5749161801654994,-0.5181289458635516
0.7559230128268036,2.6749423471257683,0.8013107564711629,1.48031557577691,2.04944709913482,0.0412502029123996,-0.03906789247918896,0.8968350507260251,1.6969056641639044,1.4951454246449656
-0.846165531920218,0.5938184661331211,-0.28700640574544567,0.9057468931656077,-0.07823066047056206,-1.5190572665903577,-0.12659635509023978,-1.1252784607833222,-1.0867229707812511,-0.49839653227136144
0.03390960954089031,-1.432519196007828,0.13419083251725247,0.1527270258806661,0.2209919878763242,1.920207441939749,-0.24410291735843212,0.6143072776552196,-0.005248180110026521,0.432409385120962
-1.8321736518547478,-1.1324578267420131,-0.7941929136183914,-0.8876142180277224,0.3423930726628872,-2.0852172229547707,-0.11713932547902475,0.11296645317823516,-1.9939798376980786,-0.2615408776999665
-0.8603260018582178,1.482285990892949,-0.0031189645158868073,0.743199656580927,1.904434235052469,1.3474467980294822,1.1887958419113482,2.4805194362001584,-1.5500375217724507,1.2068355011505683
0.24702847701313602,0.7842402241723421,-0.3535952879784526,-0.27117307919694966,-0.8208944331345549,0.9880163655613892,0.4689133243561913,1.3314254819295845,1.6500727368154247,-0.19857393707778515
-1.3031289625624765,-0.6473364177380093,-0.8134441645627681,-2.246082723572765,-0.8569364592185187,-0.3395945895655138,-0.9709531370925724,0.8037353670340491,-0.22145024635642405,-1.4518610479282545
1.435350945554382,1.8304263470020312,0.6476983102308882,0.23647945407176243,0.8886273690391739,2.6267117079234104,1.5058268404438833,0.6813460738236882,0.8119739190238043,1.1684888590574531
0.43220976062644006,1.8133163163430916,1.165259438930037,1.1164598662372636,2.199250111252901,0.22512215639031377,0.5061299742259462,2.0945580538654256,0.8890872370338991,1.060769668737378
0.6495692143794658,1.420444390713202,-0.2998850603746126,-2.2000349499854757,0.16819074414902654,0.9226198453744916,0.9653130941778978,1.098705293070261,-1.6498606352768697,-0.5006197692261366
-0.568639185609731,-0.9816897020257324,-1.968389836544242,-1.248197043246953,-1.291350917581044,1.5190364774908893,-0.466775325371461,0.8315018827626509,-1.0117707870037087,-0.7023687300545299
0.2610966662232157,0.5186545665953014,-0.07453052467779023,0.06601876804871067,0.09648355850623926,-0.18669037207404582,-1.065744158543335,0.5272389299663782,-0.43536256361786396,-0.6364639072293582
0.43559125313458613,-0.1354989797185433,0.3981566145978739,0.6780412354687173,-1.233276756348037,0.9251417196752411,-0.3386557493304463,-0.4437012699960424,1.8733070301793793,-0.2537676664627321
0.2222138905446361,-1.1207385704035129,0.2788025243828159,0.7232217020398027,0.037505163224004864,1.3070136836890696,1.7601706500845908,1.762487171645991,0.3353636373646544,0.01471952554393039
-1.046293746367871,-0.3426520558864128,-2.7860820281739604,-1.2340736206153855,-0.848227232912047,-0.8348677579480038,-2.198954201362049,-0.5937608315879854,-1.586975419241479,-1.787913708002329
-0.18265634116047952,0.7372133864095234,-1.741745669312276,-0.2842902573882087,-1.0724308245415124,-1.6066598991501586,-0.8211992808971537,-1.0753283087338006,-0.5611567010514357,-0.4762146174580484
-0.04451662693642583,-1.1197264383635357,-0.7397968811567271,-0.5076390153313738,-1.4688878935778007,-2.1107109967496984,-0.022240384916846982,-2.4312757479496994,-1.1532043179353937,-1.3417978023509456
0.10946132849104616,1.560164158573172,0.2213989933027817,-0.008441805807683401,1.0847263755985403,-0.43316202606557386,0.5240104979789854,0.08149632528803036,1.2721453424751705,0.44429352940006955
1.1897447325920567,2.5395951935858565,1.174236675201069,-0.2516515302069129,0.685364473700499,0.5454441826621309,0.42805465397806286,1.8718771289865086,0.30640134155623333,0.45111310138472
1.1715016904479,0.7959596020620006,1.6800692101681942,2.2326886823451764,0.5345507099026425,0.7234907433306725,-0.08243017263180755,1.527152570799737,2.6191948339635114,2.040125502349376
0.8841886204135079,0.2166476520043869,1.1402120853654507,2.5045105988912204,0.5267670044975297,0.01639079596192742,1.3087151813529216,-0.4684295810478004,-0.02876622282226534,0.502944763476306
1.157701097504817,0.498302367856828,0.29643743741264095,-0.1308209152600068,-1.2070033839339893,0.008732046408002084,1.5685550444691885,0.10957654903742728,-0.5122160368086576,-1.2792509037425963
1.115324789126195,0.2433118838711024,-0.1182866453345999,-0.7578312726122911,-1.4745377051740123,-0.5291415716467109,-0.731083315524215,-0.6700810319037398,1.1205138081749124,0.23846744547806473
-1.001969638456132,0.0356648048015097,0.12672271425856688,0.8777930583528737,0.6130556495595276,-0.984893830334322,0.12310866283227549,0.060131336683749155,0.21486647364771638,0.757415259855952
-0.10776407129251278,0.07587815036576202,0.6025940603559627,0.7444431688506967,0.5784866105184254,1.2090653669015332,0.8403599512835909,1.204554730464777,1.5024296383731097,0.6646522164777886
0.4380777377610373,0.14771101276025303,-0.2474408494772021,0.2595026765310997,-0.07292736303439107,-0.5839511160902485,0.07601681541031523,1.095708787842359,1.1735845128927296,-0.10124867105763281
2.1410347834629597,1.692462183000805,1.6478983783445962,0.5010560816400177,1.7689738445870886,3.268910032157274,2.038911645491085,2.2034927908910182,1.784587374119217,2.0811585577256415
2.041093946091178,0.7203730752319228,1.2593159612301141,1.0395297650475912,0.5011148366554211,1.3774773123355708,0.16036562596510012,2.1858455758806805,1.6012518133238935,2.3894292917365942
-1.0556404921364926,0.35594256299732574,-1.1639875181404689,-2.0587464246456118,-1.187792267860804,-1.9494022943087927,-2.0330647277110305,-1.4237433448803731,-1.2520092368176512,-2.58756592672678
0.6356679519415475,1.5429652237412328,0.8348963004826175,-0.6644169932342923,0.027888235220287442,0.3740438677148522,1.6317368363296625,-2.0246264749155722,-0.9056212008478745,0.06813370586085722
-0.014640315478276864,0.40965386352433036,-0.3412033947428024,-1.489869750948117,-0.1959247762622571,0.04153057405352413,-0.3096475774846399,-0.9720942613542187,0.12660212041530902,-0.9098332011700719
-0.8383402512030438,-1.023369869977682,-0.5906188707506078,-0.6161251624961829,0.20945459585863183,0.7452162001467227,1.8036426475599865,0.5924177030606721,-0.9832345083272036,-0.6827628681832624
-0.3593841908240863,-1.322826938705457,1.8004513687566546,0.24121147443156685,0.10055824298105015,0.621436701648333,-0.2598180792608346,0.35881546708704026,0.6499197444606362,0.6318158172935895
-1.3862501106558203,-1.637788848814186,-1.3918796078251372,-1.699017357369213,-1.2370469459942153,1.0196439448989063,-1.174513351187767,0.4604098025793273,-0.19609254356442601,0.006073531057562115
1.5928869383727187,0.520752837161729,-0.8409562139743098,-2.002042752244264,-1.5850279934250806,-0.16995830979797127,-0.8293624115798369,-0.8865126382056953,1.1170844939307898,-0.9933299234960964
-0.7634438403393858,0.7008967857319357,-1.5693935685100864,-0.5153189399333915,-1.0895979393583919,-1.4708633382234182,-0.9791864807553979,-0.6836406433324317,0.4171635860602869,0.5710524454433296
1.988569449052224,1.7768145893175102,2.472656186586006,0.7382057736524146,0.5089609684638351,0.6695900020296902,2.4190188252908977,-0.05281243293851186,-0.07040116951191254,1.0020489947600772
0.6772343835691912,0.3488230310915289,-0.6458410492752646,-0.4723698138143258,-0.37653751810272146,-0.700989902611392,-0.2677165890331086,0.6051263932252945,0.724144516815158,1.6643742993437145
0.7249758666064257,0.22438549409006428,0.23295581922721686,-0.015391083659213226,-1.2983559608346684,1.0001888186115113,0.670151874701546,0.24646805808839484,-0.16942476253047833,-0.6022034598649144
3.543060821714257,1.8063412319080305,0.4266487594466815,1.1443538308351004,-1.0773509344603447,1.6177497832904175,0.8295341572613787,0.6231635593982268,2.4333954009527954,1.1379438618416495
1.5165222957522575,1.8623410482380076,2.2136885523861225,1.7621691572404707,3.2002745676113387,1.1069382321149197,2.5372356514663412,2.2041360999530135,2.2907288738826717,2.905046687508222
-0.37500967689113296,0.6242007142972168,-0.5305184859776837,-0.3387678892026373,1.5857034249780013,-0.14600228340032295,-0.3641874448075036,1.441469690687063,1.9209092267080008,0.8579013105435287
-0.5906370061411261,0.9089419144017071,0.9022346159601444,0.9616243776164102,1.799526363081625,-0.532960418897289,0.3546365364651507,1.1379056267971277,-0.5933496272232803,0.12309542354064207
-1.785271670544358,1.7218267178157767,-1.4986392551162422,-3.026827913416622,0.5164700358704563,-0.06076541644624761,-0.9453307033559045,0.23966585785606276,-1.2916107322334416,-2.429482867975963
1.7314005543251778,0.6840037794969871,1.2913603027750913,3.7077017557358474,-0.41937686628153326,0.2684155924146056,-0.8364080488222507,0.06900029360665819,2.5040827128377825,3.5267738386408456
1.841023253732589,0.8522315303465633,-0.30577337005952615,0.8618913236302805,-0.8557000114909159,0.6845347948502745,0.05604457826243679,0.3023072404112113,-0.08520310797981684,0.939552550185288
1.1027269822962527,2.0155013808229714,0.2688960222213308,-0.21399477341352086,-0.437495286781743,1.4276141641847528,0.673657638008163,0.08873627217035689,1.2862892190535435,0.16715483226168407
0.2560911363806454,0.662848247820026,-0.9007340479210674,-1.6567870999128496,-0.30968631884277686,-0.23104661732532022,0.7526607063294256,0.520199543477592,-1.1183487343850806,-0.803770635161558
-0.12304140860129276,0.17696142467560785,-0.1212028861981635,-0.37189654184609167,-0.6933380260563907,-0.18047661464862744,-0.0950360813920552,-0.23119634690153443,0.29019289432558876,0.09632134727817879
-1.2788649669883132,-1.9403048298422543,0.778362771722296,0.02188067791499483,1.734390753210239,0.13771941242650623,-0.8006993446903555,0.19310422161243115,-0.5886275057523073,-1.4185759769841852
1.2745436671904076,1.1313272660866618,1.8891715077237445,1.6371237066836808,1.188937794998123,1.9182897790899227,0.1415680442198261,1.6998621818860276,2.2261595815510047,2.239567863765015
1.5170597589253725,2.1783171136712163,0.41357798896595405,2.0825068031192338,0.40447643119996224,0.049258745250692154,0.92656788289419445,0.8710029574200755,0.6278300804387453,1.6807343565810633
-0.5289912510833261,-0.9788486408192102,-0.06615862339773693,-0.34069280502799687,-0.5694322045782537,-1.7991229919573384,-0.5944762772631463,-1.553334297792038,-0.8020771894714571,-1.2546026176591187
0.9299428161090926,0.7720415584222264,0.2796353343611781,-1.0015257319961326,-1.5161468885449922,-1.679269391275047,-0.786141080817473,-2.2442648125192357,1.1284080969667079,-3.0365803263548075
0.32238675214924317,-0.5723890099310357,-1.1334541856139948,-1.4591278483402272,0.3536975722811884,0.34226241373527205,0.5490046644222816,0.8843007123864377,0.12845728873771306,-0.6120815217398888
-2.2014816800167982,-0.770032514962875,-2.18297578803531,-1.9592619624178225,-1.0426437887272635,0.4024835812702605,-1.6470607584770443,-0.01905481834337737,-0.6834691198845518,-2.665203937255293
0.9535420507938206,0.7900287018879436,1.0696457608531074,1.9797153391004056,0.663400938979593,0.42975394396519706,2.552066536137203,1.542752329047285,0.05284670417439456,0.9260932175163493
1.3791444234959442,0.18871288411784434,0.17001631907324866,-0.05494649632701902,-0.08219534467831424,0.5036634200511648,1.6049898698570777,-0.10702230895287229,0.45520114564148484,0.24392740988034467
1.9357902277503547,1.8781233139568938,1.4733332577028426,2.115962540747918,1.932144860699725,0.13235066912046584,0.13993455110985809,-0.09858599056896161,2.4719604328223492,1.9412046032262384
2.228358442338824,0.711971084411923,2.305143285562905,2.10770673398795,1.0617948581579757,1.4618817742262884,1.3212454445874402,0.7994825053961189,0.644134656815468,1.7393356440588623
0.435525544873829,-0.7814065654291444,0.7450046659158192,1.9271650707520025,-0.30117567765985254,-1.1551920654535497,-1.0126689453915756,-1.0671805680589523,-1.1658747082007843,-0.03984009653744336
-1.3357115027710822,0.059008224021938616,0.285608489860177,0.037832747263620625,0.29160562599469714,-0.8115620982090378,-1.074981896534328,-0.29691034252730764,0.07024976909817549,-1.7013175808490901
1.3954631145866419,-0.024900877171695188,1.2232228841351453,1.798678221010456,0.7683443044048341,1.1083978482439552,1.0715554846687427,1.679452905795152,1.4196200025614532,2.289673555246197
-1.6962115399285471,-1.5500488372623822,0.18806337804459874,2.1911046658077016,0.7502300715525685,-0.4514581663373424,-0.6444458157704553,-0.6889501061723093,-1.5578868998285131,1.0591931216433041
1.0596424050690394,-0.3464233593763472,1.9950159003789834,0.8705695571304226,2.259968403981595,0.9892772596472043,0.4651716395408659,1.9314049637149109,-0.3240289578060189,0.9001091211150495
-0.5594925231986512,-2.352878329877607,-1.9376414143432301,-1.692710051117302,-2.112565609766148,0.16632315854940136,-0.335067772810338,-0.656780096418888,-1.8491253853535239,-1.5052268481497655
2.5890133362203134,0.7403075948521805,0.8073309621030785,2.492356899973831,-0.34993145842894974,1.1970349736196986,0.17266356446826295,0.23051907740237232,2.6498358951192262,2.5458174515912817
0.4208546368938388,0.41569821111648586,0.03040389649113684,-1.0164480739203254,-1.169832233973974,0.17422243886183675,0.5428716762145888,1.4117826415965886,0.34678432682248983,-0.07325334248043128
0.5200534928963938,0.32215655276959726,-1.4522487204902448,0.38211189193559975,-0.48791345499277394,0.6602473531125422,-0.031951579996862704,0.2049555979532588,-0.7634628998803936,0.4484261495743461
0.34369112213753245,-1.5044879412763508,-0.199024106346746,-0.9771061027374072,-1.345811620764486,1.6455355256035746,1.3675744060531179,0.45142536358284513,-0.5684908527116719,0.277258296503038
-1.1953741774940676,-1.7412304960636067,-1.668758047143525,-0.26908944748742003,-2.1162202878475815,-2.323305591363789,-0.5804463354679362,-2.0764495959981697,-0.6084552380829102,-3.059646957039075
2.8734238526651423,0.7973700687654324,0.8372413853228357,2.118262126314255,0.7100779172703358,2.3863086449175723,2.7073463200388734,3.085035923214676,1.807423171409813,2.461705523365774
-0.22626450456801536,-0.20982243985151622,-0.34549621403914027,0.0923449701852895,-0.1454259203313772,1.3698786768901405,-0.3747854726422273,0.05885990542639843,-0.26077779175722593,-0.9680044986156275
-1.8901999863817058,0.5410622915684342,-2.7743125863765217,-2.1993168790305053,-1.1047158991687587,-0.5870147161623709,-0.17880085318644884,0.0013624136270685653,-3.053688289921998,-1.2193670439247755
0.4756593000752694,1.6309773716387719,0.3069533186526476,-0.7656680965856993,0.9059756928876882,0.8322036690106245,0.21207439776319234,0.9585785990055833,1.0626865835937485,0.1915385615140158
1.6370208035402043,0.8862388649352704,1.443122172935584,2.1153743955463065,1.2830334668524852,2.513607397409598,2.014242360766138,0.8078325103286506,1.6436505245816377,2.2786193467991
0.9383327438471787,-1.1352508371598513,-0.7188592830910279,-0.39572420531644353,-1.0389270755563782,0.3429821621363544,0.17737596529456504,1.6419107370502202,1.8588892951679403,-0.5942877145903339
-0.8695140168180593,-1.0454026537912702,-0.6864611798208442,0.48079205568021666,-0.18059294761992176,-0.48780107564833985,-1.9988096380269065,-0.21686554802116725,-0.21529236492414303,0.6734471942100997
2.2800331486646974,1.1085308721657658,2.231633665898505,2.4009387450516595,1.3384790814380265,1.9550936341868692,1.6557419354634122,2.455821379929269,0.6141142126249117,2.734953787129784
-1.0407583292125528,-1.601631710442633,-0.5737459943579689,-1.5381950164203126,-0.9536773247430316,-1.059847237859067,-1.1327161243068686,-0.019921225782766866,-2.3198415661333565,-0.5244750971618508
0.08129491032578708,-0.9149500218547012,1.6464323450195038,1.0225248728718508,1.5248432789664412,1.7093489031482156,0.2925277244642586,-0.26579391716043926,-0.0599766684411671,0.23127667044757233
0.2958354664890703,-0.45550602985247035,1.6612092406625467,1.6811396728925945,1.9316879306047352,-1.5828721286747296,-0.7225695982569013,-0.03061015797263486,0.8608489586516803,1.2914852838410327
-1.050114591324052,0.36300776160729675,-0.30035368062489654,0.026437414193652687,1.0272191053123112,0.15939098048395312,0.2897175409046578,-0.529835428039032,-0.5992098424467461,0.14454276991806508
0.6221332996922678,-0.7220116563273378,0.23547695149541875,-0.6384921485351477,-0.719816939734357,1.5743533596064256,0.9793419173350889,0.7744986969076508,0.4401439727122436,-0.38972019254621787
2.146164234567066,2.9110131174762386,1.0438938594276532,-0.8815815542272939,0.4821957959668791,-0.6150992230252853,1.448052821226305,1.4903554313996044,0.5375064854269483,1.0893348511171326
0.8519472006101607,-0.896615976442975,0.730112263400901,0.8546023365989308,-1.0895816846810245,-0.4479278185201014,0.2504315108793495,-1.8575606961089797,0.27554073650495775,1.033084070120208
-0.3405720695187039,-0.1161188873685646,0.06456812638632793,-0.06899392191990569,-0.49925281811242384,0.11977781264639048,0.10929599831573841,-0.6253435146511735,0.10957776367232411,-0.5263741807981317
-1.3913064082534423,0.16875562493843954,-0.18407889942922684,-1.2922444665043873,1.0427283550521336,1.9722417414018458,1.0054768991661232,1.0361668328380744,-1.2283400904354986,0.1806802500370028
-1.7066666491436449,-1.3285051132203634,-0.31684450454211055,-0.29855397537231776,0.42846820436729816,-1.0134060910518674,-0.20897918149342912,-1.2965188793525264,-0.14717038734740318,-2.1850657824242075
-0.8585370554615593,-0.34129005587403183,0.8945957693834653,0.2959259959714275,1.1227988716388355,1.3727819253673352,1.0527121749720367,1.142471135501253,-1.8038319757620493,-0.7729917868021315
-1.3538713274586354,-0.11333374031726821,-1.5086992383726059,-1.6041830781374888,-0.2133629316518067,-1.2079214407518586,-1.4390400837298074,-0.8453224771956249,-0.5473668633801684,-0.7689936176641586
0.8075335919296078,1.624563598813338,-0.06367081480182174,-0.26613791126250924,0.9901208108325573,-0.2932996024887698,0.17232671071143646,0.07116471204483872,-1.0283005679562425,-0.25566731082012717
-1.3157835727052616,-1.4991220298731167,-1.4876789440233256,-1.736112556528176,-1.8707711530860045,-0.5278273087153496,-0.5679434707171074,-0.17681687997040713,-0.9803820435539461,-1.5242728539318529
-1.418869202501858,1.1544345022913256,-0.3325230795795956,0.13510893890697814,0.4378056675194679,-1.6679666902847001,-0.6570617905590672,-1.2377169268325356,-0.45104254997097465,0.13480810948595875
-1.7751209777770776,-1.4878667885826053,-2.2565759952117044,-0.992801531520938,-1.5655117241494965,-3.8538444952984787,-2.634125618744972,-2.5252799713617065,-1.215786557148127,-2.037045629596793
-1.2866313831668785,-1.9446169914594538,-0.09852182533830159,-0.46496847374145184,-0.8711534413850011,-1.647057326222664,-0.48802186379316287,-1.2297062303080666,-3.2125009218262415,-1.7938109004146308
-1.6814444941505504,-1.5112849199359453,-1.3134765167674285,-2.5046941344359857,-0.6449897231072823,-0.23450595297057475,-0.4622060471772812,-0.4493527857885378,-1.0084045514318458,-2.112711221479821
-0.11629473785639322,0.03288561864114045,1.1541534946855865,1.5994975426263858,1.5241799220502876,0.683944205099761,-0.16459842001322272,1.406646390819524,-0.29248781877884666,0.4157253833420849
0.24095786968058694,1.3853222367335891,-0.18613360454947708,0.3313056330232858,0.16020649072489013,-0.13235695944060927,0.40778209793282194,0.17115794063276568,0.20473781218986392,0.4037617070327802
-0.9964824080784511,-0.9928843135483054,-0.46482412252063077,-1.139353312823691,-0.6307837920221019,-0.20441933768466442,0.059029980524748955,-1.532581388612329,-0.38061841321331547,-1.4226966865860866
-0.8793904160722783,-0.7174559087940767,0.0792342183340646,0.14650446786780386,0.4709326470161679,1.599150389142539,2.433075649861082,0.7598986307592672,0.5980883914487227,0.7384534839302809
-1.1061911593193576,-1.3417116670134317,-1.2482082542091297,-0.6560421680601083,-0.7764920928124035,0.2292802512086116,-0.4252391836959681,0.17342399759225738,-0.5376189393063643,-1.159678309861684
0.8577197805035295,1.897571645930164,1.6292321563186036,0.18925547275321863,1.41322576601987,0.09289012360893618,1.2167275639463575,0.3109861981101437,1.3124718590661626,-1.7781036414402749
2.0257922094153558,0.4027727790133144,1.3242371442284497,1.5608415057048746,-0.19240106435990617,3.023386427908251,1.5658388297783217,2.4588990502488666,3.7811632031655367,2.029819911267402
0.8041337320867945,0.6770833878042655,0.4697684937424897,0.7088252983685728,0.03417608200242346,1.1282562208697722,0.7296171904381877,0.7869818330380021,0.31195809601463964,1.4890157271690174
1.3279487097040468,2.2642917077365183,1.6876329668917724,1.0963866517215268,2.748699202956255,-0.43015647574044336,0.30788551732320124,0.8796551323001883,1.072041754349229,0.7162266584683289
0.9491705526016903,-0.7807425231965042,2.66464099431385,1.9621418547881713,1.0062355172792554,-0.3968240553342677,0.10956328697572464,1.389776272806005,0.9895476179065841,1.5900557572413023
-1.0685273353422151,0.012263125132605607,-1.0826059855030927,-0.4551174143047044,-0.7464294456487179,-1.3369167774085886,-1.1480215866657626,-0.2947615736946801,-0.3414172671394995,-0.39431158275620104
2.047165763610977,1.32512354763768,1.6426318242769717,0.31020799921656694,1.9481682904030209,1.2440252000442642,-0.30480245119032334,1.282692126784632,1.159420412238697,0.8939525579260923
2.1013713240178093,0.09228176914417649,0.7644800076821955,-0.06521774926136353,-1.1764387678226234,1.2309645353218794,0.6468013996513838,0.4521770177758555,-0.04785008033379316,0.420259530083304
0.35159338384774685,0.416909605494629,0.19951471409093868,0.07187899464587039,0.11304257134022054,-0.41276661921637015,-1.3083666665982046,-1.6262367788960959,0.9790213576704487,1.1953881174062493
2.9056276999420017,1.56940740077219,1.009382533612019,-0.79339679407649355,0.16311991899970618,4.22514530825105,1.5717265530528268,2.9765306215208787,1.4787956153051565,2.017570985087354
-2.6039371664225452,-2.9571925743378342,-1.9012498507074795,-1.6327984497028405,-1.2547218566727356,-1.669762746173049,-3.003895108718502,-3.1085576716386414,-0.7648009338677912,-1.828569032182439
0.30613370133712725,-0.316322592665062,0.011944718104337948,0.9751340156563886,0.9461806098785055,-0.3572335520299785,-0.080107277952431,0.12403142563210175,0.7544274386623318,0.8104593844987209
1.0237993710220203,0.07656777609313181,1.2610611692293097,1.7393249098387957,1.2623834775490146,2.6560594197909015,2.017323246894689,2.2309742219061355,2.61180489184023,1.5426238445883678
0.07991399527379782,-0.040177395089445726,-0.5233336641463655,-0.17131996836647148,-1.143257207030003,-0.539102574656938,1.311274885339981,-1.5243460478392339,-1.3367035610790325,-1.7020014606544405
0.3194988225964563,1.3017741748841618,-1.0702733565408462,0.5497306505870002,0.05520136286752621,-0.0645353950565723,0.5839265661470957,0.8127004551337682,-0.12576098156260576,1.1702818340300103
-1.965565477311874,-1.3844974390530338,-2.112329156542371,-1.1267802003280882,-2.6803265375427756,-2.125436762485094,-2.29546876880575,-2.8715587577725774,-3.203966670140168,-3.0642096003666706
-1.9230311041187511,-1.5768618941646995,-1.3504242231436547,-2.463813101070673,-1.868943644353723,-1.4682436725822168,-1.5280558563649616,-2.2538965442827372,-2.1335417472926004,-1.8761970146691462
-1.1173424247482064,-1.4008424409195945,0.4672901795172213,-1.0467767449925385,1.5887082587196044,0.3572820221585474,0.42186181849846227,-0.9383782022806515,-0.27223117040387096,-0.8034636893047982
2.6770738245195496,1.68873454178532,1.1207056559964492,0.03893844780923768,-0.9078236104591793,1.10255688652018,0.17669428576080362,0.21663457160299207,1.5940587141674567,0.6142836386438988
-0.9320458171139641,-1.8566091369342472,-0.5724534669481924,-0.41360695139122594,-0.4888450192038422,0.24349372203645103,-0.2760970040191846,-0.07471274823092325,0.10774530864186782,-0.34220115865533934
-1.5298660200560366,-0.6962153831867272,-0.6158207318019646,0.10396412697239384,0.16668368689730037,-0.6438251297196133,0.4022590952636238,-0.8429359915427148,-1.584510233525059,-0.24696997186039546
-1.561009945354332,-0.27528184804206585,-0.8874396538697434,-1.7273709536416528,0.13605031497364367,-1.408514818891288,-1.4412910876718004,-1.175415596045815,-1.2952403121089864,-1.1411014103533188
1.2891690520657617,0.37210145656938864,-0.3860760136324516,0.1980776955204032,-1.2253366467777482,-0.8182757245102432,-1.389598781389815,-0.34572334501645025,0.5348928409160689,-0.6101234233482801
-1.4260677972176563,0.38359699710066325,-0.6819328206209527,-0.574100250034851,-0.7959634646880607,0.07552786208412704,0.9535136017491852,0.27094563701141833,-0.6799746444698931,-0.5279229136738145
-1.2774253326007179,-0.9539899983019162,-0.9757029111598978,-2.1035316817905754,-1.6046074873537288,-1.4265111422248171,-2.5130903260751225,-2.2739101028677506,-2.131220497102311,-1.940305707980803
0.0355371297895658,0.3301071463358629,1.8826230359655256,2.5257174498418404,1.6180944732618598,0.19169379276231005,1.1710011370586568,0.7615032241608269,1.246149222113103,1.615394072961892
0.31994320139539173,-0.615168426703512,0.6061466863360759,-0.9617867846661919,-0.2749771929361866,1.2608490522778284,1.3986241745130301,-0.26029217927689235,-0.3167064145922486,-0.8767482062788781
1.9667480535290962,-0.06184824342153028,-0.18577887588283307,-0.022069629514736927,-1.7860626319583273,-1.088985385616176,-0.706108783937584,-1.8269107527671993,0.4143997570218105,-1.203222941789086
0.5782099712518544,0.7300236698030458,-0.3313584176136871,-1.143932542348175,-1.339839863865908,0.084903513497132585,0.6169923587805615,-0.06768038111216912,0.5164535417855146,-0.36275750012809294
1.092872308028758,2.2992242110784296,0.47334413676021075,1.6643919310686326,1.0796682901184547,-1.0376244721000039,1.602809535363507,0.7353059903125793,1.201302934391971,2.3201409367758976
-0.960385360400008,-1.4870980612976719,-0.9667653724869789,-0.09335690637468226,-1.2858831111794313,-1.0802853084079214,0.08096139563248732,-0.8868795620334629,-1.1272591198544597,-0.5029263314907763
0.3506357113476403,-0.472225053010583,0.10647088248548181,0.6191751513379206,0.03932756956453329,-0.4120826601092031,-0.02602139066459781,-1.0217135440094256,-0.2836736629742854,-1.0111431191478035
-0.21549933579013736,-0.32584614002340073,0.40042085916062964,-0.23594218232357955,0.25616982164354235,1.5686400995682903,0.10716389602587714,2.056694725985357,1.19839440464609,1.7216104360198559
-1.0309517599918328,-0.7912219483103002,-0.6915682803525809,-2.076312183121384,0.0742071250404042,-0.4965109771911608,-2.530134705807786,0.41910693318970715,-0.40875298765019763,-1.0316939125845637
-1.5338852209862215,-1.198341916405305,-1.346729096209711,-2.3151886802246175,-1.700714438847599,-1.6956457996261363,-1.5579540181520066,-1.2139329433605566,-0.01637922802649817,-1.579478849953815
-1.090979550449541,-0.3966359031986537,-0.10827096716217863,-1.0189700869434104,0.5569882758380956,-0.40731755932787667,-1.584695545190715,-0.6585209544716676,-1.2282779053154163,-2.536456336840315
-2.4778987919065236,-1.8990555113231404,-2.3656480008494616,-1.3482706447275095,-0.9291922382906856,-2.9186988055972387,-1.50281318809071,-2.2354254787064223,-0.2723040947207667,-2.2148140367907363
-0.674102023517451,-0.7641060925160092,-1.2639833961100366,0.06251984434034952,-1.8765586816410382,-1.2133778420371202,-0.6450771668420595,-1.3876095642433774,0.7805627219133051,-0.3546667605907878
-0.6860772313311188,-0.5333550994805176,0.8359873607160155,0.939093274977945,0.6977558392142147,-0.046010620594684463,-1.0566753152278576,0.8446389923467441,-0.5892271591821348,0.17097275093153397
-0.03680015554999583,-0.8188737850831933,2.5403913188377505,2.142907119874842,3.396045791316814,0.09344229150681833,0.14969502647490468,1.3503988117228511,-0.45001024520868715,-0.16739153203846427
-1.2570866405828196,-0.004542759420092274,-0.849702311769774,-0.8712943150183646,-0.5387353504352924,-0.8221744482214737,-0.7712699941932478,-0.19263601901364458,-1.847511541729876,-1.0181646485336677
-1.0224538417886715,1.2194042529054812,-0.20880552677716968,-0.2415389856095896,0.7277132234357444,-1.1743296925566675,-0.5287150366547794,-1.2137269195825087,-0.9357085135288414,-0.01774063888065685
-0.33255223502757797,0.4060410238167551,-0.3555215487412265,-0.904528383221708,0.4786848461930758,-0.962592976780382,-2.4981502925846115,-0.3269859630948544,0.47165346009590187,-1.3832803272017202
-0.7280276762662556,-1.5466292533927162,-1.0608866584590522,-2.233860778395905,-2.093150152340809,-0.49024024462525795,-0.8736047241996785,-0.7430855687970847,-1.82671366488831,-2.3045494666355553
-1.248140954988454,-1.7747872894250258,-0.1025485652716089,-0.8849797504577237,-0.47246559283892453,-2.352613456866855,-2.0694525361977774,-1.884151824713611,-1.771224808265297,-2.2345840205126044
0.30324041464345236,-0.5682279951193099,1.1049070221430823,1.3117928739554758,-0.19679677307890522,0.2673394224338966,0.24586562636019152,-0.9824553802961206,0.6614884433390141,0.12360277316951876
-0.1667045272890686,0.7253555059230649,1.7053141066051918,1.4578094789770533,1.1142229995063533,0.6717857834150452,1.2705785413912019,1.5908337896926004,-0.9729967536693505,1.417834568129947
-0.36474134646043055,-2.3324947496175428,-1.1372103931964406,0.17952842622332726,-0.8857673695145717,1.774948966379908,0.4536578880605873,0.8419231846005526,0.2846608758177508,-0.004200857102486133
0.8250138420162847,2.599547242171989,-1.169642287956371,-1.775574781747274,0.9064848319590806,-0.49825911970470577,-0.6112883988319955,0.2609907160840895,1.9577492100164853,0.7468190308824534
0.19761612823094807,-1.3599713130981457,0.7834912355549095,-1.4318645870012263,-0.10106996392139578,-0.2517750341135453,0.44252965823974805,0.7501819694140568,-0.10136025603699542,-1.0741649587352957
1.1519286603134662,0.05923181857535745,0.8821485931676971,1.5097302838543147,-1.1146367355591427,0.572523773881628,0.8529481689498105,0.20138524252724604,0.2070608504631178,1.678861992356253
-0.7291583874790689,-0.8928410221877056,-0.8497409207546184,0.02939440611490428,0.35113215169579687,-1.2068026469186424,-1.5047620509953155,0.3328839231933893,0.42844828111262334,-0.9321642672253284
-2.5737870117322785,-0.4124836903226965,-0.5655153414398204,-0.05693129501796419,0.040691925423455844,-1.0176780544261388,-0.03395651349803665,-1.3525544936976508,-2.160181890504343,-0.592251210154359
-1.1748643866612212,-1.774448388847301,-1.591638986892224,-0.6127600053878582,-1.3306128608152852,0.48981576523974407,0.3553225555330168,1.3610045699513638,-0.044932800002993434,-0.615420328857231
-1.946247918463583,-1.759301438631472,-1.4457461724858438,-0.9148220747297411,-0.6356879486469744,-2.3474036541525476,-2.3457227922487087,-1.727006480497708,-1.3423408089896272,-0.8040935765948576
-0.3934915628592957,0.7515842518137317,-0.7974962584154907,-0.6576222821119024,-0.22559059883513702,-0.48419672386580775,-0.25027944069270286,0.0774239662458274,-0.611803128089639,0.1863894090855003
-1.8124729315660342,-0.9119253118816204,-0.6936642867186603,-1.0695399196582913,0.6389929672188601,0.09567740930473773,-0.20756293707308088,0.12861374614178284,-0.5313869364076006,-0.32696606609660567
0.4248313528109958,1.6850152865137078,-0.458825247573342,-0.3746879514286113,0.9180072001020778,0.5299918455794655,2.3421481767309125,1.2225174665704592,-0.7498245620101401,0.17179965094077398
1.320629554020894,1.7524716102359483,-0.33093934943227155,2.4618298190706738,-0.972015142709052,-0.031312942767797336,0.7295459106853724,0.3382048080830069,0.3784638159493217,1.6820343774973652
0.8272202460658238,0.6383148567711305,0.5294682554279094,1.874189134881183,0.7943256249625347,0.4557176383180689,1.5595006765096264,0.6228930539112463,0.5159087930935241,1.156652673372402
-0.18442524958275763,-0.7276509808541443,-1.2063730459376427,0.29064362399094806,-0.34551901401634333,-0.6913828961570623,-1.1201800558685577,0.7255878139312683,0.7056172563781975,0.22815385288317844
1.1098324277327212,-0.6169032706513098,0.7865017747845002,0.006010894208818299,0.08512730310311753,1.5215563342132172,-0.26600534426684863,0.25652891829930036,0.0016872256665919003,0.5759389022332956
1.1898336636584648,0.897483771357889,1.1398192721011942,0.7505322322306442,1.214650084912864,-0.012731982639671693,1.302504520790388,0.47373635397321456,-0.13323967592723807,0.7508641708629117
-1.588671921080631,-2.0703119672755097,-2.5627697335832993,-1.444420777641599,-2.370867938310243,-2.7878191481161134,-2.4638083610241166,-2.1291823542640786,-1.600930368737233,-2.0111895739358796
-0.19382057826813837,-0.4208678142968898,-1.9794630425179265,-0.7817763967223758,-1.2942722332982792,-0.8216505859047158,-2.3491916224148985,-1.477627689253942,0.4188015907283994,0.29670696950420294
1.6250945010955453,1.2365189027593237,0.9418482074682921,1.7825288778304342,0.5699917746504103,0.03765959458066421,-0.32584415731067595,0.4826520238609924,1.3845031360413114,1.4146434993796997
-1.359128574498112,-1.1876231303756912,-0.47732690646844056,0.094518772181889,-0.27052655545522436,-1.112818623645816,-0.5610429041369961,-1.4787417864733343,-1.8925164164021022,-0.460910745011173
1.3372924218335778,0.4844169986427399,1.558084756314316,-0.03098087238612464,-0.5709834065548685,1.1867629031569682,0.09574634683470898,0.32697745084924784,1.291352284206606,1.3122549705288673
0.7385076596646896,0.7206329988907423,-0.36764932534026895,-0.33171162715492475,0.4617673416176568,-0.050711033712114856,0.023146192499469823,-1.049925092342829,0.652494167437341,0.3821715494725105
-1.4595712912072423,-0.5108099694829279,-0.27643662329487684,0.2895516150901303,-0.5895269528062328,-1.2265634472066083,-0.3221945711050502,-2.0164341191098343,-0.43209750340828146,0.2214368087992658
-0.31064045925933137,-0.4969891888032342,0.35847397848438145,-0.2455986137252786,0.2962777597264754,0.2946203370307417,-0.20747589328433846,-0.08917262514560152,-0.5453312718270676,-0.4893615665683138
-0.13664301100059173,-0.44807060309832125,-0.11256130999553758,-0.09591559365257948,0.4897203182335435,-0.251575405247762,-0.8125667765244328,0.624530691820438,0.13548383570344436,-0.4266956712026194
1.265625275969952,0.5717575584607006,1.0218634084969773,-0.09161958847696014,0.39806205104452674,1.1328299450038475,0.39061180368280113,0.34794709470754437,0.7404341058179021,0.02922032675767519
0.1178768787988767,0.25479490480723643,-0.8454671883428228,-0.4417053101330202,-1.247259999074178,-0.1534999295521154,-0.7305392597974771,0.5203235373768534,2.262870900898426,1.3316010535136624
-0.3562945681017678,-1.0774033345948328,-0.2595458683358737,1.648817615358806,0.8263607692006301,-1.3190517855607153,-1.9563206789975354,0.2962567821979877,0.3158066834690557,1.3354903973957328
-1.3104730485863694,-2.490707567362441,0.16769324915675873,-1.1322327719692558,-1.2221484672544176,-1.1975189198607872,-0.5521110400761332,-1.4481203565273293,-2.333878833868497,-2.953955994323648
0.35306103933526334,1.180910478546122,0.8367673555794877,-0.7747997795933634,1.109735562353399,0.38450408863737073,1.647723138045377,-0.3274783459550677,0.047115779233218094,-0.6620679199777755
1.0165304295158542,1.3239821875233,0.17815357499265289,0.2575829215649567,-0.6003326982585373,0.6526400663174801,-0.3611492817167298,0.0891348848656319,1.2940535319425657,0.947223175842344
0.32464454981479784,0.15340070091720703,-0.4907279142439509,0.048373438633946664,-1.2119458031336783,0.3747861667976067,0.04885616479652767,0.18339558141855425,0.38730523301810643,0.3689062654803006
-1.2564563001401026,0.6245116360495072,-0.9917176974596313,-0.29544660679122925,-0.9728100724052867,0.02771557048813092,-1.155006361272531,-1.2360501855977153,-0.6431943693765436,0.0396090936275771
-0.3829495166897942,-1.657764648427411,-0.2819524037399632,-0.6084971835772965,-0.10330121051639263,1.007076146060468,-0.396164855893352,-0.6202392476702753,-0.6062081217729142,-0.39201963363663617
-1.627762650285404,-1.146950643007706,-0.81133413203471,-1.2569102506174503,-0.06621961724606232,1.3482089727575233,0.37707870491263357,0.3190911872619257,-1.1865275310770234,-1.0182277506319428
-0.1646200780084131,-0.9644284116872879,-0.17857081294642446,-0.4626067722206725,-1.8191247566462652,2.835128693508962,0.9979096643227224,0.44131521196392043,-0.7572835378486884,-1.3089015093926017
-1.184754313354013,-1.1133053787407121,0.10783635299754504,-1.117428106168508,-0.7653647255445284,-2.0888092424328355,-0.5819214377857526,-1.4880604937871558,-2.1823597748305694,-2.0203604985189343
1.0667661707447211,1.1422454400553232,1.1265226556312242,0.13516773138529464,0.26656402691270636,0.10090215906146358,0.8131418899645811,-0.25593681746324315,1.5136371177349897,1.4605868232997017
0.36738033084812516,-1.3850565597387932,-0.8339208988267215,-1.3319242694308326,-1.6598250266921855,0.5369414629734213,-0.7799377607973862,0.2156436296544272,0.8150392684921052,-0.8069320725402818
1.9444454857819522,1.5517131294018984,0.7021411613868629,1.158256488391689,0.5619054995267383,1.7639743891442714,1.0974932254942467,1.2277154740760456,1.0009122988855474,2.3357550366161615
-0.15417434968503077,0.6954813899173622,-0.004035962384498895,-0.07919269608552969,0.11602659077089425,-0.4838645429732459,-1.6831768677078178,-0.5845365435904545,-0.6999954979711239,-0.770290417426541
0.22395990849039793,0.0378122977893501,0.9648948554151349,-1.1262372466851167,0.31425510798761314,0.2896030224510762,2.318890850271646,0.08855714790143897,-0.6187477424676131,-0.3188769858258035
-0.6296578668554362,0.8000487911314379,-0.4957024738054072,0.1895803791919858,-0.2951483259004258,-0.48776730952525277,0.18794581962374252,0.6880197815799305,0.582046580119922,-0.12108082589513752
1.3766451065643446,1.4770494135476997,-0.6587082760445835,-0.5893986996837783,-0.7091922594851434,-1.1670687661218813,0.6420367680164407,0.13664701746744165,-0.9114851654896112,0.1149965755217264
-1.0474641732407877,-0.5269585291824815,0.7068723320334249,0.42849864597128134,1.44780857195855,0.6012567852746794,-0.6272895457652506,2.092939688133239,1.387036105540928,1.4324491483327646
0.7467405229384367,-0.6665918610826993,-0.9263041713996873,0.36189938150727946,-0.21380260053020456,0.4337341353139557,0.48157639049846807,0.8396203875826225,0.12064273397419256,-0.5263798875525457
0.7652503056390539,-0.9855088539290077,-0.24246435699788405,-0.14775931044832227,-1.7423414188024582,-0.11776091738916035,-1.1039844093234634,-0.3696240765004877,0.609842917334255,-0.17444806928224643
1.267946433898042,0.1947951628267833,0.9718225187530595,0.7688506493270297,-1.3461824175691892,-0.4419301806791088,0.7901607429386025,-0.10125822609933806,-2.581962748718189,0.5482644608265494
1.3650708291927995,0.766418349837694,-0.0883065364406238,1.859221009058612,0.9795054363589685,0.7843722310973525,-0.3314314570982602,0.32464449053511046,1.2411104153135295,1.5534465295184507
0.010915786115433757,-0.24995286611875794,0.06277760200950555,-0.7030223613277876,-1.4040010715401623,2.0589494253520666,0.06857588812319465,-0.024219330900471764,0.4675128014341382,-0.37348512973805914
0.2298837217918442,0.21697549288177964,-0.08501527936845595,0.28612346243767633,-0.4416460500171563,1.1783341005244623,1.9247984504762554,0.05648285886904604,-0.9850934976583189,0.31772708374744374
1.4548102677559878,1.0263599515570012,1.2294837145131818,-0.1770258237843876,0.2629135165445109,-0.013068259914618335,-0.657119660016542,0.44402292093348683,0.9409219862785625,0.8743384129102549
-0.7757077857616985,1.0233235057699501,-0.9208849974229303,-2.7492231334360007,-1.249715092458001,-1.8916736948373625,-0.8031753114455149,-1.215462772991806,-0.36386122442150737,-2.0096481661210936
1.0589493774428442,0.3629732907025829,2.1905961628800057,2.318754490455806,1.3163767971255314,2.5280278366861064,1.6167902576963495,1.755694509031229,-0.048979191260973005,2.417123175907003
-2.184608912159123,-2.5607051287340545,-2.1179031739138483,-1.032809043314722,-1.9771598800221581,-2.480628474525833,-0.8447801471655616,-3.4635040344809584,-1.6476819195766799,-2.90778892378384
-0.9746123464332619,-0.7445561141027447,-1.4521092564453144,-0.734491369889879,-0.3211931041151877,-0.3991527705454816,-0.5133070599983014,-0.4958348985953135,-1.2414631472809468,-0.4176117630337608
0.3589432864100174,0.9504846420726765,-0.18059843517483354,0.6764085210732712,-0.7556755957593821,1.2099611099975258,1.1805928375253651,0.5612070840424349,0.16715742343304502,0.5398055651540521
-0.17808495705565758,0.45243872761852,0.34039864943671566,1.1617486074812733,-0.6067211286644455,-0.48911319323224256,-0.14467586729817228,-1.1564856992225327,0.15552761648899038,1.1061643736437508
-0.3047159446314488,-0.8814881893823536,-1.0618265070280635,-0.6369226868886412,-2.3050608852564536,-0.8313863296860668,0.04291860162890113,-0.31850716306041643,-0.9012478957010409,-0.5296765029253903
-0.27715117286781443,-0.6561248053928088,0.22129876173509147,-0.7636366394124482,-0.3610246845782064,-1.623394418587049,-1.3331370140877286,-1.5434586662420042,0.6857579710705135,-0.6405916277459678
-0.2913158936987611,-0.030642499145615953,0.8363379864240714,0.468987167696794,1.798435312202421,-1.2665275091784194,-0.41841504345809777,-0.9244503047987416,-0.035100702717783254,-1.1885372837893762
0.05405063810103175,-0.9157839920356128,0.23055061010315556,-0.7303192929212705,0.4382687783266985,1.4323276753978547,-1.029676770456635,0.875677498327544,0.5484386672913206,-0.9491586853663537
2.3195454558592536,2.664833816648887,1.4229404134920813,2.0912830927145776,1.6357317787974799,1.2965811016082165,1.8273468312059513,2.112512077434671,1.716086134186031,2.5853928640324404
-0.23923570180998244,-0.10144075452878193,-0.777369636964683,0.5115264688267946,0.7542988063030578,-0.29612827037592016,-2.485708239496555,-0.37460968916002185,0.6223640313888353,-0.2123665372727929
-2.247038238790497,-0.6744057963455616,-1.88476980184333,-2.455108162740041,-1.5731766031809988,-1.816604403016935,-1.4181622044773634,-0.7713466892142327,-1.9695021051144883,-2.4406557645902636
1.2676202348453436,-0.2722228736171345,0.6411553695437857,0.7618743204369708,0.4341952769145283,3.427534642284385,1.819698454357912,1.4262851735808253,0.5033537331519402,0.06040813924518314
-2.5651847969165016,-0.8170698025419999,-1.0503952197862612,0.044903185148970196,-1.7268329384195176,-4.247590363473531,-1.9080150531147644,-3.0472605623000475,-1.8564700643006546,-1.7562345158424444
-1.0819387514408547,-0.17701408091891366,-0.8562790997002064,0.28796410598485167,0.1511098268568693,-1.2151055987624553,-0.5544857499788531,-0.21645615143820934,0.17248148310803843,0.1460460768336611
0.5015372282780433,0.17398324762385908,-0.03103597415279151,0.6021466593463521,0.13810494989637404,1.2076639647578016,1.3185798646487523,-0.3164667366703274,1.5505949190849995,0.0558585779756914
0.8950769473111193,-0.8976944811151416,1.1191807960125784,1.5239221878964546,0.7148559222288252,0.8228220156417542,-1.6774220515241336,1.8014065783927247,0.4375380276259107,0.045420016051698583
0.5088615105109688,-1.613608481925394,0.6660158496382248,-0.9393987049098761,-0.7575765419180742,-0.7048267389994167,-0.14021199728893471,-0.9652022802103791,-1.6464153295127133,-1.7010990644702138
-2.1045609874385165,-2.2123778965624443,-1.8560176343279373,-0.9287041135594147,-0.6707717709166392,-1.0610086745034746,-0.2929138058108719,-2.2188813290442595,-2.4581430903008963,-1.0706247931923407
-2.4582425112442823,-1.0023985850100419,-2.061367206056457,-1.0569180148272315,-0.5132347632866547,-3.175303385835852,-2.242198906298308,-0.6907175648101063,-0.7167429986677644,-2.0474827950494796
0.23427332278875831,-0.018222756939887064,0.6690487056588492,0.7629962093267018,0.33955074862889134,-0.5392822675336901,0.30919737811144016,-1.4867021519957393,-1.117185598958217,-0.0736189996146317
-0.5291679080762948,0.10936137526482352,-0.5011973731716279,1.4974297759529098,0.5880486454202,0.8023340578469265,0.45572772741218015,-0.17103749086795414,0.8903039645690456,0.2480542301518612
0.4085626640544079,-0.9771298608300191,-0.1299183286592148,0.03164318495098868,-1.1216761785872624,0.11028129734678055,0.22446791634691815,-0.6504392985290541,-0.7750499673284038,-1.4302274726112467
0.3746697769790901,0.4774515743138457,-0.12714042345213644,0.03613614873043373,-0.1941710567315749,-0.3414134626573744,-2.06648331309748,0.5695315175564206,2.485594074468062,0.3255857263250531
1.6366930265398065,2.104032498811522,1.6445441992985947,1.1673429495091747,0.6159422477701844,0.410492162728943,-0.11750069743537822,2.1336955947035947,1.0193401540437235,1.0862081826340122
0.7601576387504291,-0.3567251152449971,-0.8753245886905406,-0.466007586139784,-0.23353788027733668,-0.0979387914875728,-0.8057235768606781,0.9775277760138604,0.49170368172662476,0.6261654019410122
0.7897078678020191,-0.651340532731724,0.5003964108660336,0.21004552324275433,-2.230754196736803,-0.17070350069338386,-0.08815890298832416,-0.3995447005067679,0.8436459527908026,0.16839636961142954
-0.49349945680835294,-1.3072480190304034,-1.5187865110422059,-0.828142389250569,-2.1000392099112144,-0.145905822472088,0.12013251656424306,-0.7108296708633266,-0.46810937513097833,-1.1735803526622575
0.4012471265550546,-1.9737873550060483,0.24288538638331475,-0.2950565412826691,-1.5721716807621489,-0.19748400511851874,-0.7793771497352823,-1.6496421298046307,-1.3888879350863366,-0.8834266601156927
-1.4308932229574212,-1.73965091779897,-1.3294489822558375,0.22611778677276922,0.018893331730185592,-2.5317015935436387,-1.3787138816377038,-2.1580529432603357,-0.013557598995155906,-1.8455776562529425
-1.0272263651766524,-0.9474761176833183,-1.3647337853093349,-2.2494671282827077,-2.1820280239631824,-0.8302626677944953,-0.6314019635083263,-0.6903563318990018,-0.7413346859724324,-1.8278344006775822
-0.2587708971776246,0.6761295637953765,-0.5888011701066699,-1.3774487003561897,0.9791303712623398,1.1380842661413586,-0.7285375630067744,0.8400107417729356,-0.4058227748196469,-0.36867829853375556
1.281618155780779,0.32938476794328125,0.8244217630165018,0.4842522530642341,0.6407964643061824,0.9273404778810359,1.2732310538118101,0.3922274319655159,0.3529494175656355,-0.8799412295432326
-0.7387471265463763,0.3940810148956582,-0.7059701330658765,-0.48178838063073687,0.9097687706058253,-1.70079233673461,-0.11664478417476312,0.17902759407444807,-0.3350340440107692,-1.9754424314686894
-1.6087001606254012,-1.5251668840802115,-1.1308730181386382,-0.9024658119420461,0.38007390926206996,-0.1826708737766747,-2.777406136891764,-0.13045294570250943,-1.5602006468441891,-1.5054332022938888
1.9139807176546662,1.801511448215606,2.1997678063580577,2.6425268617762017,1.1533525341972062,0.42572454820742106,1.7925517021365909,0.11172452241436116,0.45194692122392427,1.373181497710181
-0.12858011227853644,0.9166693841412632,0.4012316009940702,-1.9861372111277373,-0.6260152637166457,1.0597911245520608,1.1122892503651765,0.3396667343956685,0.1414959879847579,-0.14345812581079423
2.082795678764859,0.243526207114229,0.1251824398662521,-0.45844931224301366,-0.2130004640619949,-0.4925874243968865,1.378258847079381,-0.10609756293466954,0.9986417821286062,-0.10992431019642841
1.5047310003685856,0.865379156225358,0.47539532288625425,0.6678828334693253,0.5317722365958715,-0.3906739404224594,2.2081071021037157,0.12579910512815656,-1.0465115602845703,0.16895449169661292
1.0836666586676116,0.995252375062873,-0.22243161303920223,-0.1566550480641891,-0.36000120585761575,-0.09165618143310002,0.38951238533714855,0.8755879331726639,0.6015112772525819,-0.8364465043527775
0.12269995355039195,0.5089950557101642,2.0490148980279606,0.5229704543647291,1.8151208732651571,0.15155682845735394,0.44431452877821975,0.0511504898445164,-0.8074516555333849,0.6137353868244888
-2.013074938858328,-0.932551990062324,-1.518857820466055,-1.19261939925881,-0.29781157064293373,0.17186474185783868,-0.6803960166991656,0.06385898186644148,-0.6431251693141768,-0.3958751111931722
1.8865111554601608,0.07201332852249984,1.7985649629995395,1.91898388263856,1.3461912016140476,2.218566860434858,1.0917249818054315,1.307635664545219,2.83994022240115,0.008168462791422172
1.0307046743471773,-0.005567599303771487,1.0107859712566856,-0.364340070506549,1.814395946609876,2.9037068591495063,2.5824436797267856,2.376362828357056,0.1017940725554298,1.4751238905422186
1.9631288166290666,0.34426341283696993,-0.6971775254372952,-1.2693015393450593,-2.149345640342819,1.045007156856273,0.47263798677902524,-0.0173859461698846,0.30383354583103234,0.42674693857509566
1.4783561993690466,1.8329027602667565,1.0746996461411606,0.25435494811674436,2.0434903982849146,1.0197989586795972,1.0273412691021004,2.2574016594322193,1.6752775657839094,0.6788497314909323
1.5215783396294658,1.5943701100985916,1.3550307622228523,2.533353126270435,0.6399550908436482,1.9051169335266138,0.8571876541625706,1.4792813104710298,0.420426539466501,3.221904759305857
-0.3598950693265423,-1.8315356829295428,-0.9039431552447919,0.4118612705830145,-0.6993392756883331,0.05032744963709966,0.09494103386491533,-0.8346641413475766,-0.4551577245861594,-0.8783450093391563
1.180703509763061,0.2238527685730608,0.7017351628979414,1.104242411090706,0.7893370450912089,-0.07703350921610223,0.8307380846251514,-0.6912387640571772,1.3078034276928556,0.4910313091190772
0.9147093766177389,1.2264808106170169,-0.3119367692706682,-0.24044207442702847,0.2460650752036248,0.11100880518654971,1.5275249128091006,0.30283591073105076,-1.9711440667668907,0.5191487643726986
0.38091914855815867,0.6700884679189756,0.2250873887918255,-0.5801556665878732,0.5435080636625718,0.7539000416425538,-0.36034913636511606,0.49282297403501774,0.2723927579273079,1.0848581048290038
-1.934293246415077,-3.735399531709449,-1.514813636671349,-1.685633155218403,-2.431863406105911,-2.116075357229764,-2.0549239756598716,-2.4336485045742533,-0.6033090668022113,-2.5543600806263966
0.9463140546733312,0.20633186769208614,-0.012050578215311157,0.5303776649384093,-1.311487471912382,-0.8637995656380907,-0.18172678999222272,-1.6993784697225964,-0.8131896523624976,0.49727993067630055
-0.8648353070606911,-0.06390691116478013,-0.048615795206435,-0.5399483781665669,1.3365805403683035,1.0200565176493852,0.042134638189047946,-0.16568594925088326,-2.5233525884208197,-0.7744152005858975
1.6032580119826232,-0.1610429682267808,0.816541172738658,-0.6460583581959802,-0.25354011540250543,1.0678906007998694,1.1863499722781528,-0.7366790487192822,-0.16398617083118333,1.1101124043469806
0.8117726735434397,0.6938578979551904,0.48452520395745036,0.9056009813886443,-0.9234580197741079,-0.7793584391910011,-0.06495633888985355,-0.7866361107217453,-1.3765889220235588,0.9956877974602606
0.5007471659403115,1.3122999520419347,0.8306835484421551,0.021758718212264317,1.2108229500749308,0.24976185777458168,0.34073129652776607,0.2792142020104479,0.005651943346417865,0.009404687547151683
0.36643206727483796,0.9703824932856393,0.5018808711998544,0.5044806076737073,0.23304927337822956,1.779362457802982,0.5025866205646556,2.142475244502306,0.5585913501431948,0.4842003275286514
-1.2380375814479117,-1.409305233131651,-0.49758535128975284,-1.0006802015749905,-0.3884757441499724,-0.13642890841640204,-1.5569393661116606,-0.8015136464147922,-0.058753012262842366,-0.812543861789394
-0.013641658401141676,0.1676436385320916,0.8717037334069052,0.2101689704676387,1.4032623689469939,0.3963766322329354,0.5007428757486815,-0.41342070770733375,0.1650099466997506,0.43804869574123717
-1.8319692715024973,0.20561128137814222,-0.4586144069975577,-1.336415200690872,0.9519019609579661,-0.5695882619448718,-1.2977219659937602,1.2311520898619635,-0.6822753106025957,-1.5435371811478018
-0.8583531924818266,-1.5144032013457318,-1.1037459961899174,-1.1762753896641043,-1.0645917547846993,1.014303000955804,0.1669874975006634,0.6489848845055062,-0.6535814384494165,-0.45785533039572474
-1.295376007819823,-1.3042666362294684,0.025985596031452174,0.47710268329251615,-1.2126936811007674,0.10838686582567465,-0.3934660905183153,-1.0071598700564692,-1.8857360956617417,0.007097732444813834
0.6142245460309044,0.6165318724583537,1.0628034526845538,0.22944525539846858,-0.5464956745433668,0.9254053235149623,0.21122189118054713,0.13663002021671056,-0.42924326873795093,1.3037814489276627
-2.093620004264195,-0.632885993265373,-2.141458970409425,-2.5162014726302804,-0.45033484066214863,-0.92323786382671,-2.6511631094393864,-1.6597749275349925,-0.2513060292885651,-1.308606524458081
1.0932078953173405,1.912315224316063,-0.7227332845805439,-0.896064512848556,1.4430069203431177,0.8979189726261149,-0.37276351453969536,-0.41993755402072175,-0.48699598182581144,0.045447563901436436
-0.2787331645280884,-1.3179042728728545,0.17566884989187417,0.5412531908304562,-0.6883595054367395,-1.0922354354073138,-0.40886005645518897,-1.5911805331775914,-0.5467708388640258,-0.9801809031182622
-1.9729659985097832,-1.1207282874645954,-0.9300076870482668,0.49119872275898474,0.2504814713910679,-0.8052866872827964,-1.2184389940198357,-0.2923641668942852,-0.1559742601105538,-0.4860057178754959
0.05093022555109093,-0.1369419470342729,-1.1983907115909678,-0.5494113228288342,-1.6853040701647282,-0.7587847320146001,-1.4299995547911037,-0.2354808567479512,0.2845129791693306,0.5278384946842003
1.7556370772725767,1.659442156219071,2.5539582196685866,1.4971659119181389,1.7951533176652401,1.7491049968525882,1.554479847116609,1.3509710079770127,-0.4566180799246999,1.395107709957363
0.9109505517850142,-0.40526467405663713,-0.726262874183366,-0.40011377656005176,-1.3029642666181671,0.23411216624186154,0.3958851393249179,-0.18356939628218288,-0.5241311730378242,0.3622818680496808
-0.7437449682228789,-1.117426100470608,0.053810040875074974,-1.0069240087477738,-0.7257048376013665,0.31421057855946627,-1.2362633740672644,-0.5416009664792704,-0.42922884122218574,-0.6176662453839947
-1.655703567195722,1.5394108843834333,-1.151675362560284,0.11908002583184397,0.45221090535516967,-1.2406276348078922,0.14701262369328036,1.5838427251739726,-0.19311373884180894,0.1177257717875771
0.3627499489109568,1.220246037178819,-0.8749808442364062,0.14093104071688245,-0.8960538571810509,0.5710077064880151,-0.39379296522834434,-0.44376020177063197,-0.2045333699526339,-0.8602857179048526
1.4410362873501659,-1.4031394641211878,1.0101524803959245,-1.0775802198703497,-1.852605743285878,1.115445722418781,-0.5125291854359049,-0.6005474611009097,-0.48682079847853343,-0.6237010956233924
-1.3673827035960608,-0.3158355186529969,0.11412650330242982,-0.8623737296785459,-0.17769432843027022,0.560386984621081,-0.45697240144048507,0.6644790945522115,-0.33572445930638267,-0.31707843340171954
-0.6467584137266809,-0.018047155987502853,0.5082758165357402,0.016599675002238117,1.804848097103561,1.398683756705959,0.7654496685260678,2.4360187927310406,-0.7588406768723838,-0.23928787476821928
1.330875498123806,-0.706931530659771,1.3458904502438982,1.164500372822502,0.7959421583711697,2.059536232529319,-0.13621294977159237,0.5341840310034025,0.431754296746859,1.5021638083828746
-1.8968001342087772,-2.960085062821036,-1.1140369633810643,-1.2421215713245712,-0.08760031561335618,-0.7837979294143508,-1.3246807553066156,-0.6341829506512539,-1.6218705393257435,-2.2907360184030217
-0.3397381398610523,-1.733803643627241,1.4114844147010117,1.412397600000369,0.6470418904847324,1.232270024598417,0.837818997974859,0.7111486330108601,0.16878023633573994,-0.14251699272108517
-0.04596076142996505,0.7871390849614092,-1.2192179848477915,1.192812869198814,-0.4019695943732834,-0.1415493973609824,0.04271497432965787,-0.3200845661549127,-0.4426196399453697,-0.2559414601800941
0.7863789203999845,-0.9216280264833183,-1.4205304439940776,0.07718167839966436,-2.2196586447981224,-0.04350746639613104,-1.0080915801115966,-1.2919073785820905,0.25390427495094814,0.04230317033060962
-2.004616894827012,-2.866522885253983,-2.5803927175080816,-2.0059854120832803,-2.558866528851148,-1.156892196501712,-2.078732260424414,-2.187999948409647,-2.11463951586721,-2.4991522767745273
0.9686990252350102,-0.19113232835962432,0.7001435351393732,0.6263720569780536,1.130669373869268,-0.35672455402875014,-0.34778793362156507,0.18554882391038052,0.9068345106602745,-0.5025357266236001
1.0208356186139402,1.326205418648135,0.0904959721482179,0.02912605440205908,-0.15263748898201612,0.8117134386866786,1.467918046034384,0.5982120609142996,0.46693706569304516,1.7350834451217565
0.01319193497123003,-1.2312331403298635,0.14544226137794566,-1.3554334689047391,-0.6768856803569036,0.6631932707194672,0.12437900885248439,-1.1901668955855658,1.5653838613750888,-0.3984210036830436
0.7407451728273359,0.2814606241954245,0.9240864895144378,-0.19452590179524393,-0.3259085731269947,-0.17096891318969382,-0.9602065110218144,-0.12148227547037999,-0.16671785852360585,1.6972421981174222
-0.1364959502252992,-1.6287780449646971,0.2437711487540346,0.9527709114332517,0.2996875350322481,-1.446741260859218,-1.7461607271038566,-0.6040377072780725,-0.16463828505009637,-0.06246929401495882
2.61128335438498,1.965926372814001,1.9212752069404218,1.6603829552784792,1.2065084207931438,1.3262298029623767,1.8456414899873386,0.49384004162767836,1.3127731034246193,1.185553619979563
-1.794719834436094,-1.5657121236401923,-1.1651022001126379,-3.241338101381653,-1.4885798437008941,-1.701070125661109,-1.8308600178544037,-2.3822730120662983,-0.7224481386860825,-2.3991805008794973
-0.8187814741269779,-1.435319885289574,-1.012152503030854,-0.9590129973084293,-0.6839618882886801,-1.1099422495166598,0.9311433694533183,-1.2950544326312,-1.0242771593754079,-1.8815225284918653
0.4595936026178125,1.6236144238554067,0.7979311334151438,-0.32633141203753535,-0.1920338175856807,0.30223025129646586,0.805598352646881,-0.08838318135260248,0.5790095724512323,1.2194824744162167
1.3715722302691005,0.8916168175792392,1.3724030956505584,-0.34953035660017384,-1.2457466694321926,0.32359870488067605,1.0439090721026778,0.4496718433911604,0.8152413453129403,1.3892811898268091
-0.8258320045612157,0.36205289864779056,-0.9144167676064013,-1.1047717772804428,-0.9608492670526755,-1.5651451726224743,-0.8618139751381612,-0.9628571661697395,-0.3944986091686728,-1.3193598982457735
1.805523279768062,1.061592678412094,0.7509264754402555,1.3555369930965122,0.4086313444561172,1.3302591457242965,1.537711252788996,0.935857706518033,0.17781935880548136,0.5255620072099483
0.8731892146661033,-0.26685092853733644,0.15423877360980126,-0.43269902432982776,-1.5101107960208555,0.8833917965310648,0.4136740161564423,-0.5528941551107627,-0.1999755144866214,-0.034937835557662764
0.531853929390022,0.6661975737117314,0.055966985480522355,-1.4686306716014197,-0.8144645194406404,-0.3821538080330703,-0.16090075805102835,0.7730361216170375,-0.7185258733271034,0.5407300117899819
1.5835400091816076,-0.6916399234003221,0.3583061509859251,0.6226402684199055,-0.8016199466197604,2.0712533408149887,0.5875540132744179,0.3767710827641739,0.9732517111514479,1.9360848175465875
-1.1812911882517367,-0.13058144474584965,0.23619746536207026,-0.3680730400973689,0.8394724357624949,0.09400155239681227,0.19656185456390068,-0.13206139877576822,-1.1644039713601597,-0.04624723205513817
0.3874234857920257,-0.6555051904071126,-1.3746668865648823,-1.4517676113235554,-1.1397747725220766,-2.4344996186935475e-4,-0.1437389565544032,-0.5346412140049822,0.4297696754663556,-0.39136341668771174
0.9234402069972902,0.11036483079374232,0.2788308781521307,0.025706934984342233,-1.4647798609745242,0.20124134042274291,-0.4257893763288121,0.5273288455555969,0.07751312884972664,0.7726071563321965
1.0265238727876653,-0.6563090835572198,1.5277928449384333,0.21234988071027977,1.163059370594326,1.5682757873162612,0.42330683561619914,1.260324465707005,1.1069079926356373,-0.20628797904827814
0.8889881243394006,2.4564267557961172,1.0006589762148546,0.4433531787910988,1.0590883615785411,0.7793644263194356,1.2736110514899288,1.471834563237326,1.5237549223535247,0.9942119855465607
2.1349531324620616,1.516483897013469,2.0509884137918406,2.1872757484956034,1.1766409125399622,3.1300048312106714,3.4612984569806393,1.7929828471939724,0.15034607444782314,2.7611033394919233
2.588765327498538,2.3826227370154878,1.8661650098106852,1.2174659134640144,-0.42731422898827304,1.5626054224811878,1.5149540924446112,1.8663881064784682,0.764170936357672,2.2994721851764606
-2.0834928021858774,-1.171323502159165,0.3178689436573419,-0.3611213312144811,1.108478871022403,-1.5889014885439796,-1.41740375827105,-0.49449372337079994,-1.8641168767721683,-0.4127390335376916
2.596934536816629,1.0487125062976153,1.1979970126386412,0.1336531230474106,-0.4960427672244853,0.4196889396885408,2.029973938473474,-1.3655724859325014,-0.8699093536974187,-0.20961956268493107
-1.9958116120359293,-1.5802587648691373,-0.7561635186224179,-0.9537677788574722,-0.4997208728463911,-2.472436364993423,-1.775165840273719,-2.6138550457837257,-1.2959112275889881,-1.1491366709675739
1.5903503926332148,1.4635524671766105,1.2920589782852698,1.8673023290948194,0.8178501195126578,0.4582169351483947,-0.6926215439937753,1.621412515545942,1.1246136511388634,0.6142794346209282
-1.4460464268448385,-1.830859070863993,-1.8464204120835215,-1.971619989680507,-1.5805733782350542,-1.0511392376680617,-0.86865143008807,-2.3078309435263336,-1.2552824582170872,-3.0920996469030477
-0.7866236949084693,-1.1567703620496343,-0.5476010065821709,-0.04964356080262201,-0.14387906808366968,0.4234110290103149,-0.7527973000964249,-1.393216761112006,0.18136905830355626,0.44811416490642947
4.032558182121592,4.105651052235139,1.7907167409142295,2.1457512487360995,0.06972384009162003,2.336630965194412,4.204808415387066,2.554295203385097,2.0351046072343046,2.426954678641131
0.05914989700533864,-1.2276230976628872,2.0358380884668636,0.08642509713934697,0.8980468486645413,1.3405966758267795,3.0243342468648553,1.8323675894821034,-0.1724230029674379,1.1757071835748405
-0.5433568133975343,0.9506985661248927,0.8484119350908509,1.4969301917576348,1.820050709983208,-0.22782374563933644,0.2651523856164199,0.9129891650988134,0.01079002103559469,0.1293269433873522
0.13265811311967257,-0.08426971205111913,0.6019842915548321,0.9578840943627299,0.07469259627316682,-0.023359793201086006,-0.2486239350763407,0.47273924563710057,0.4878075531630473,-0.10889026612538746
-0.8202452050195397,0.7990214241155013,-0.9255146303203571,-0.42616881125902367,-0.1862858829878542,-0.2733141974919918,0.1958766822571284,-0.7465093122569251,0.6695221625677674,-1.1417811289847262
-0.5649806184443582,-0.6392115122049005,0.9510445869752588,0.1870274415530737,1.0212761845346878,0.8863908733537167,0.57138143004306,0.2405342226930895,-0.6682480886873418,-0.2140727382757882
0.05823806618792002,-0.8733129776573384,1.2491086064665975,1.4649434604645968,1.555681458589483,1.8545995724600455,0.27287749320913735,0.7505141044919025,-0.3827309415923777,0.35333689519837524
-0.14770904951561517,0.3772250719138275,1.6124971898221,2.3489484515022614,2.4734333878290347,0.44249688617807365,-0.16874462220598835,1.1329560058395156,0.7925658880425179,1.552057187537861
0.3056671089767594,-1.163163796691767,-0.11264088324468777,-0.4057271281190805,-1.568950043032486,-0.46695989440844243,0.053554158965129814,-3.175904563431489,0.07260838808674777,-0.9417284523075502
-2.1031272669279177,-1.0833103876533423,-1.5008724466091374,-0.6867569595160528,-2.150683810009938,-0.6497240373900816,-1.0189996228532938,-2.1587710932896194,-2.9323680247914194,-0.25318596662288145
-0.5734085212563917,-1.0123931497709115,-0.8406520622578469,-2.207717693359674,-1.5942520305226582,0.3043301944743664,0.05250775112405076,0.14417583765107728,0.14149305455449332,-0.8267397985706924
0.6061507104115365,-0.05334479266495813,0.7009461411813286,-0.39945252499041606,0.6159732303377813,0.4830673841555469,-0.40563578685886903,0.41528228082108926,1.1577192025920955,-0.0950608863948241
0.40009312257379953,1.0302739422610463,-1.2629249006577203,-1.1857698653501125,0.372530362702425,-1.3425771885638738,-1.3244854376419155,-0.23039979780955472,1.8255015944704898,-0.878447178574106
1.0702968161013393,-0.5601767301032082,0.9393596841775664,-0.10011570411079615,-0.5975276361507237,1.549231083974697,0.2799359949691293,0.6028482765844275,0.9302852879638981,-0.9116146448004598
-0.14653424330907064,-2.0353763382175805,-0.9385087488451078,-0.22638116000139705,-3.2084641341855846,-1.2772852061508984,-0.1400218543484997,-3.40933895001443,-1.256391171415929,-1.2681565892414213
0.15693652161042865,0.9062246262477298,0.27802542563096627,-0.011901406411522628,1.3598679384107049,0.8482967915107714,1.3668695815171132,1.0600040631669105,0.2532117914333642,-0.2843371068394645
0.042518182368164625,-0.09791346431066454,-0.7030973697025176,-0.32097761824901616,-1.714536155942939,-0.4759723572729128,1.2544591899974977,0.5838336106220552,-0.5651250439194812,0.4906977356632859
-2.774569334998004,-0.9872126945765843,-0.5126084369487501,-1.1721854508483665,0.48138693063181776,-2.618865964804753,-3.019434655973937,-0.3622635955555853,-0.641393440834217,-1.5104394671533998
-1.8695392908293353,-1.6889779186748672,-1.2867338399542692,-2.0438442401802273,-1.8706303848468289,-1.336926542972229,-0.20711154715652974,-1.3658562616544463,-1.3091035177822306,-1.5972995173062103
1.951364460162044,2.3906244020101446,1.976521762031954,2.8744351017259464,2.149703915489239,1.8444739811747726,1.5010208420841826,1.744370170432712,2.0368316743791737,2.2476551388202806
-0.36851541097203766,0.3818424428010201,-1.6737654611737756,-0.9189120803488653,1.0783721302293412,-0.022653022911159656,0.8754758622087759,0.603892309852758,0.14386899701110845,0.8004759501731651
0.917168402000378,1.3130520510444132,-1.0093974759505249,-0.36581632050295704,-0.24473181095995983,-1.0474356968948852,-0.46187052237959303,1.5352349323498635,0.25775751322717405,2.044535716319842
-0.1327199530375207,0.06646671578814793,1.4826272826380464,1.8524657528434523,1.1215225061549718,-1.2737765671562977,1.0863656501097723,0.05458243288904264,0.5682910525447107,-1.2306200678698238
-2.456188148075726,-0.4031375930369282,-0.21036062695109653,1.0842231105052178,0.6652472217497674,-0.6046069852335807,0.15217222655784188,0.5728344969559718,0.027343090908660495,-1.0398828541976513
0.3059964958413405,0.10125067447644873,1.0240857541922406,0.3431063427432284,-0.15824467039581316,-1.2533264638052706,0.2852896707783627,-0.8733864062836642,0.9415060894604701,-1.4655625615529462
0.5815063821727092,1.8772127342285174,2.2269706045377244,2.0816593913825345,2.1461638466740953,0.06514425026507942,0.6594073284776145,0.9638318901542704,0.5792095639513769,2.724671408321897
-2.088110660996308,-2.00892758716998,-1.0777470738698072,-1.1963517516257922,-1.3635360964639842,-2.0797243753985692,-1.7199244940333296,-2.8171411988243213,-0.5451891219545059,-1.967467333247706
0.31264673158037604,1.2291490731248258,0.47768354059714535,-0.07587272707362236,-0.07392840484849733,-0.2894721381149415,-0.9945857375855679,-0.10225799365340081,-0.06113640768963451,-0.04904966217839094
2.157845105550412,1.8967705404781028,1.6811823503601626,3.094726094641277,0.866868335714971,0.6216471601398613,1.5143773698641458,1.0104981924776628,0.8876533815776859,2.5494314246478518
0.9117962592206302,0.8101453607696031,0.41143399203976194,0.9299785180567777,0.9643725939331015,0.3309343665079851,1.1725704999783029,1.0845193068568233,0.2829831157858358,0.04987052383350378
0.12091580020613202,-0.0141126948882499,1.5347960279926103,0.43433304392635064,-0.488453544829339,-0.08344925890096387,0.04309312558686824,-0.6055111398246569,0.2871124405898908,-0.1646019567440658
0.2763723784884305,-1.3019501611633266,-0.35289078494086845,-2.2474716917172257,-1.275458480692665,-0.15003627668325165,-0.009791869679875265,-0.6698624749033214,-1.4513279968443755,-2.4301334421788687
0.2043811497893323,1.497488520063135,-0.458520553446672,0.6509759366155479,-0.38677911591713493,-0.3063322847382681,-0.7507308672171583,0.05280320998435438,1.2875268119667929,1.3827659445831293
0.9032672303651383,0.4482148691199493,1.8315245806652483,0.8312338948211893,1.2036789811825581,-0.09156171733505711,1.0079975110981747,0.2273757465644499,0.7715593241015943,-0.30224678321004905
-1.5158134480947179,-0.8934383556032202,-1.0628675775781107,-1.1462851471455944,-0.4770023484925645,-1.3627228848398028,-0.9722494026018457,-1.4107843853931026,-1.5563208722283453,-1.5826803389331205
1.1840716731791832,0.26067993190173583,2.3463739046145466,0.5953671961217489,2.718322451772838,2.2173750103930066,1.426125085516456,2.5801681953635662,0.5338510730340975,1.2355624903763087
-1.840048918277791,0.25206504976386923,-0.9098305736688836,-1.0353501365394864,-0.5596286802563983,0.39629570111968326,-0.8676843545865809,-0.24547426092898816,-0.3970845644880594,-0.5692557749015061
-0.4827914340214979,-2.106724552454772,0.008735066345007515,1.0266756302987323,-0.39696010255517217,0.1776076115236912,-1.2354687961790822,-0.6739173990956987,0.3089563517094966,0.47766922173395543
0.14082220185106623,0.819095459260047,0.386271980625597,-0.155643029415737,0.27906437592637207,0.8842698911817239,0.6454321249554312,0.37208856588268335,0.3676009461364013,0.6969747681490028
0.5479225359893464,0.7734802778038797,-0.2580428032200726,0.7419601826647396,0.3754660314978718,2.650263446372121,0.816911383824008,1.3868181355202716,-0.21772446124978967,2.117447953188253
0.19784380117341147,1.5529941480819538,-0.3785707308235284,0.660953127550028,0.010465080458937709,-0.7501346473637551,-0.6961573206083917,0.35935881265382463,-0.11338251755502768,-0.2813928002169152
0.4333833013389485,1.3300285790452895,1.3166087886036157,0.3611668501825327,0.2729306549425859,-0.08548575373792985,-0.5900299938477402,-0.4157240960226957,-0.50809781466479,1.4012309812579586
-0.007797069901375242,0.6863066752494392,-0.28296975438749716,0.45864497627813133,1.3145307604023009,0.23724568195282728,-0.32832020725398015,0.56730895668663,1.6570097721939072,-0.020926325712125545
0.3021269057988035,0.7122503710026127,1.2090183028145425,1.8158376709544566,1.5363073116192543,1.3844154225908079,0.9804670840304848,0.61804965025665,-0.2586547331960828,1.1269907368506997
-2.993007717246936,0.2891745738680968,-1.8610426674088967,-0.6178226110892966,0.2127009808428613,-2.981258641533705,-2.3687547682205565,-1.141445223886996,-1.0934881889018442,-0.8537338925393205
2.6823779873545828,0.7371220232397783,1.913993296364867,-0.6306505965599885,0.41807008230700876,1.372611002447265,1.1574297396571407,1.4634275480288392,2.1175295271602588,0.3751532199414625
0.917186266723265,0.2977787881306601,0.5782896107539546,0.9090332671773309,-0.8199358668266242,-0.5240608909048491,1.279209191054797,-0.5649783056012815,1.592958317353194,0.5511286618948475
0.29419913093258626,1.3980598484110354,0.24353292145502417,0.8124362513865329,0.9696671191277418,-1.7139988484450124,0.1350597478081189,-1.7224466519868114,-1.7261750191704581,-1.296387374120375
0.9615629337458085,-0.6412330484133281,1.6023666388054496,-1.265428701664676,0.15625245409903132,2.2312433805090564,2.3409297101131745,2.0471550661517006,0.8201055546518944,-0.03766711056606381
1.1921248349453628,1.2253258958967534,0.5928490209183866,-0.4628058406451455,-0.2855556006530445,1.7232940640031655,0.3477555009358759,1.0323033908345642,1.654600867995327,-0.34852950293286755
-1.1563843528807534,-0.9935179733006413,0.898992926877564,0.5195408337747809,0.7193372987222623,1.2549536879758227,1.7674103990684424,-0.6388572090767226,-2.3528475089773337,-0.583230308238572
-0.4986351687017492,-2.4316141757011573,-1.0516186786801875,-0.30996081760621064,-1.9151925220967783,-0.8504616574305597,-0.8605085630999996,-0.528784864645601,-0.19423221659749473,-1.4365671528732686
2.1518568495686767,0.4549881278920281,0.8333939861447213,0.08565777752849253,-0.4950778807224678,-0.8309287627410729,0.21096245507708883,-0.19196241882300719,-0.00955519482291492,-0.19476478384490944
0.15213633319399864,-1.083660075229178,0.4355626782058427,1.1790560422275538,0.1586886466191113,-0.3818659568669548,-0.537954642509847,0.21508957160857267,-0.4819508047290767,-0.6717619721867252
-1.9031992707259489,-0.3919957349079083,-1.6705173007513838,-0.6772055672362824,0.4807065641579065,-1.4715730277686478,-1.5795739740183543,0.9902146242594627,1.3611149276867454,0.004707376922098927
0.5153174673354466,1.9786981183991212,0.10151478041225945,0.7476976651347901,1.4113956733808752,-0.26781785517877027,1.467953499777062,0.9950085497484358,-0.5271136575583465,0.22520887812670093
2.318644342423789,1.3042169664245158,1.348574533894413,1.6192975771547107,1.5503330560712376,0.8806672156009596,1.5205062228800632,0.4152830468429417,1.1905758298532796,2.8236674741733654
-0.7430754401476074,0.0252578700253564,-1.7966212413605305,-0.8933666541143669,-0.90114524184881994,-0.4813772392216691,-0.341645816173646,-1.300975560567892,-0.7433286898661391,0.10490661304250107
-0.4544883703597347,-1.5134649744591275,0.2852582074876697,1.1335803782456144,0.40613588989888405,-2.326356510371964,-0.4747585153824013,-1.367676799780625,-0.08759841457410261,0.14281591379534658
-0.1771319504220945,-0.2814133608909187,0.40068373522667705,0.822956003733145,0.5029840786066424,-0.28640508309706547,-0.9755468620658123,-0.18898978107838268,-0.5593611462948112,-0.8800276730597663
0.050154255503787104,0.036833740937870035,1.5672797842853612,1.074414803956934,1.2305267651063945,1.385482312342345,1.1213712516836036,0.5679586023981561,-0.5719125728011967,-0.16150293668065652
1.544775666418942,1.5946027109664482,2.1975130681729813,0.6645105719954286,1.5553921304764966,0.47340671776776405,0.8870817854645628,1.4468848901533478,1.77072746444195,1.1830096076741186
-1.3100341658067611,-0.32496923304616365,0.5702744483404428,1.3782636669717243,0.6496090575074432,-0.1463298668420882,0.8950519264694168,-1.2010951019646223,-1.3380485563825468,-0.23343320573450566
1.4043054931758725,0.6702682716849502,2.337473785429989,1.9123602560002706,2.489351745142061,2.8285224630948527,1.481780209097352,2.0175775590402467,0.17617974284237262,0.5887458056642706
0.5222433516148509,0.2611228812500813,0.9909501804866484,0.8051374433689285,1.6407794106835039,-1.0594311972481862,0.7632273577991854,0.8631324278241627,1.4079613533749034,0.7532633297789313
0.20970157169222264,-0.27674033069310733,-1.068653576543509,-0.882390230650503,-1.0757440843482342,1.3123668629866985,1.1842729829329115,-2.1900013442041435,-2.2759557273815516,-0.7123283112898287
2.202547721152426,1.9542790128324683,0.3233114595354525,-0.03792901597870729,0.09387073442615636,0.9307579104548726,1.3737551360619082,1.4716597586150715,2.651223391742084,1.867716792113334
0.4088410887858027,0.6279389631137445,-0.5785045366797195,1.1209197563066673,-0.1422178102862243,0.11855080677399735,-0.689460782884699,0.6149217257686099,0.9059570725045426,1.836678091365538
0.08340066684163822,0.6276506591765509,0.8474407727925547,1.7126618396525177,0.35225697076471413,0.17838905614992578,1.6123041220360599,-0.043323138156473526,-0.48862362085136507,0.5482292952846363
-1.4588155720721634,-0.7988949957506316,-1.9418340108294616,-0.41725860794884695,0.14323959322136684,-1.7425552331239091,-2.1313620437373952,0.011313449434331754,-0.18601984736541205,-0.20241949002328172
0.32247852035958724,-0.38261377954458675,0.8387627710750951,1.7883333023685193,0.45348242816205164,0.7715487350594886,0.4989395797131354,0.86233088229946675,1.2708308938473598,0.12165798836141173
3.0105220553423324,1.8527618191515682,1.427797759319841,1.9129405980434657,1.42042048715645,2.5871835151102287,1.02104421623324,0.646780089880274,3.238673449749484,2.141048583371141
0.5968503310194749,1.1665993704130437,-1.2909179234563988,0.5079921676424849,-0.8093401241116889,-1.507358071747874,0.1279462928996451,-0.5373986804472521,-0.12677711209618778,-0.6956661222571114
1.2614492770377026,1.4581469481452143,0.8854848178227255,-0.34874335144216967,-0.1500148501837708,0.2611769066648568,0.403415943772663,0.7493015033821991,0.2050485229731599,0.045464349084196776
-0.8455318508392495,0.6659480504006621,-0.9902289304285403,-1.6487478702091025,-0.8893504193164453,-0.6686620126511305,0.001645765167148306,1.5845040505534527,-1.409299344612323,-0.7647674930740398
-2.4847168098514225,-0.8505008227701736,-2.0642801767362178,-1.5230274406751085,-1.2721063597948246,-0.6449647748985972,-1.708061676463137,-1.3574201451312284,-0.9817147607920103,-0.9880443052176033
0.4687610735611576,0.5186494829591599,0.3788630599825056,0.09581055003598238,-0.13001056820643744,-0.9123559178159523,0.7697822436610293,-0.3446556144033233,0.04430008659748618,-0.25022361362659223
1.69303096289925,0.9592508040222854,0.7969320171733016,-0.03250318331785965,-0.21996913974302074,0.7167053451837403,0.39696770315775626,1.0398047573677103,0.8736032176787872,0.5510964086032819
0.31995452323254236,-0.2030406460707972,0.3270962614200051,0.47992164710747603,-0.5264699691813369,-1.7166746809359112,-0.6300030223383513,-0.5000607336810926,0.29315417568066576,-1.7444797518970359
-1.7294903978459408,0.3340732740155883,-0.3202714907459476,-0.43820783382898093,1.1137619618490613,-0.3845025994645651,-1.0707309442527024,0.38364961579066925,-0.08032117186863622,-1.3709845251933699
1.5255141459048633,0.2970332439710713,1.3113921251089151,0.048174462373524574,0.10302881983047663,1.1095573776459529,0.25004808125664013,1.0844046319178076,1.9535514591172876,0.6721539268258959
0.6538113322216923,0.693048094345638,0.8495059853372063,1.1945271214431945,2.0364000702030234,1.7770053163957715,-0.10808504651181793,1.7374944076080423,-0.15492008229944226,0.5223106464316387
0.49742520825693576,0.9019496176077397,-0.022045400088277115,-0.617116640138357,-0.2276710946404875,-0.14505500327682003,2.0670379111613872,-0.7518917688238547,-1.5638188899410184,-0.7464957451255991
-0.7172340263571881,0.2838607380128217,-0.4829274975389508,-0.1520982847250953,-1.311256850906016,-0.08960773664956112,0.12712530862404856,-0.6265869981854555,-1.2048408599467675,-0.5599403894880963
-0.4886125636966063,-0.32636495445864755,-1.3453278496178727,-1.3025792746248128,-0.9457976355790092,0.16307898946804944,-0.4787661693795055,-1.0908419146333732,-2.3629639892194882,-0.3129362944443389
-2.071425739944565,-0.07188155597372475,-0.2789728796186547,1.8900500117357297,0.17221765564134006,-2.0356112420002375,-0.41899308949997993,-1.3892411526741726,-0.3014967859233175,0.6649153594390842
-0.0731756412651908,-0.49486170681959907,1.0909050445140038,-0.08285254874651186,1.2539588503077468,0.6400697825753306,-0.5392446091793173,1.2557319246067826,-0.8276467495690176,1.895797719545455
0.9458837018051807,-0.7333148529703997,1.1664416129550381,2.7390954086831156,0.5282672987197253,-0.21131151724801137,0.04563162903032974,0.8377294545922329,0.5214980396284626,1.8155360796346858
-1.4223091587012593,-1.5368155801521433,1.7188179248231201,1.3102723931681102,2.3191590532694777,-1.078639472799423,-1.2422162572302016,0.010621589972974153,-2.0623407195614907,0.30399610752683387
1.2210055096714614,0.526709793274542,-0.09302682146887198,-0.4721269212971763,-0.6591270367135662,0.8828015157851922,-0.8958507312841871,0.08896946805726563,1.719516432230494,2.2203783812818623
1.0899703646423087,-0.28173377326138765,0.19571199885475127,-0.03229180391604534,-1.0399450713466964,1.5806125433538212,1.5183284583824668,0.1758947387480213,-1.0637215286126283,-1.5138097895967402
-0.9479174581265093,0.6650239564561587,-0.17256537347353124,-0.8923992034415869,0.592027870393623,0.18388814528934985,-0.23902215814496008,1.580934578602985,1.32069672920488,-0.07035141486909037
-2.7918854932452786,-1.4315672454276713,-2.1059477574360983,-0.11785912991450775,-1.2094400241467302,0.03371385036860529,-2.023987519240535,-0.1598981164527874,-2.231903495252558,0.49401479200145215
