100,1,2,5,1,5,5,1,1,3,1.25,1.33,-99,1,-99,1,-99,100,100,35,1,2.2,2.6,2.8,3.8,2.5,3.89,1.25,3.4,4.3,3.88,3.11,2.2,4.67,4.67,3.17,5.17,5,3.38,5.25,3,2
100,2,2,3,1,3,4,4,1,3,2.4,1.33,4,4.5,1.5,2,5,100,100,35,1,2.2,2.6,2.8,3.8,2.5,3.89,1.25,3.4,4.3,3.88,3.11,2.2,4.67,4.67,3.17,5.17,5,3.38,5.25,3,2
100,3,5,2,3,5,5,3,2,4,2.4,1.33,4,2,5,1,5,100,100,35,1,2.2,2.6,2.8,3.8,2.5,3.89,1.25,3.4,4.3,3.88,3.11,2.2,4.67,4.67,3.17,5.17,5,3.38,5.25,3,2
100,4,3,4,3,3,5,1,2,5,2.8,1.67,4.5,1.33,5,1,5,100,100,35,1,2.2,2.6,2.8,3.8,2.5,3.89,1.25,3.4,4.3,3.88,3.11,2.2,4.67,4.67,3.17,5.17,5,3.38,5.25,3,2
100,5,2,2,1,2,2,4,3,2,2.8,3,2.5,5,1,2,5,100,100,35,1,2.2,2.6,2.8,3.8,2.5,3.89,1.25,3.4,4.3,3.88,3.11,2.2,4.67,4.67,3.17,5.17,5,3.38,5.25,3,2
100,6,1,1,2,2,2,4,2,3,2,1.67,2.5,3.67,1,4,4.33,100,100,35,1,2.2,2.6,2.8,3.8,2.5,3.89,1.25,3.4,4.3,3.88,3.11,2.2,4.67,4.67,3.17,5.17,5,3.38,5.25,3,2
100,7,2,2,4,2,2,5,3,2,1.2,1.33,1,3.83,1,4.5,4,100,100,35,1,2.2,2.6,2.8,3.8,2.5,3.89,1.25,3.4,4.3,3.88,3.11,2.2,4.67,4.67,3.17,5.17,5,3.38,5.25,3,2
101,1,3,5,1,3,4,1,1,1,3,2.33,4,2,2.5,2,3.67,101,101,28,1,1.8,1.8,1.8,2.6,2,4.33,1.63,4,3.05,5.75,1.78,1.6,5,5.5,4.5,5.5,5,6,5.63,1,1
101,2,5,5,1,2,5,1,1,3,2.8,1.67,4.5,1.17,3,1,5,101,101,28,1,1.8,1.8,1.8,2.6,2,4.33,1.63,4,3.05,5.75,1.78,1.6,5,5.5,4.5,5.5,5,6,5.63,1,1
101,3,1,3,4,4,5,1,1,1,2.2,1,4,1.67,1,1,4.33,101,101,28,1,1.8,1.8,1.8,2.6,2,4.33,1.63,4,3.05,5.75,1.78,1.6,5,5.5,4.5,5.5,5,6,5.63,1,1
101,4,5,5,1,4,5,1,1,1,1.6,2,1,1,1,1,5,101,101,28,1,1.8,1.8,1.8,2.6,2,4.33,1.63,4,3.05,5.75,1.78,1.6,5,5.5,4.5,5.5,5,6,5.63,1,1
101,5,3,5,1,1,5,1,1,3,3.2,2.33,4.5,2.17,1,1,5,101,101,28,1,1.8,1.8,1.8,2.6,2,4.33,1.63,4,3.05,5.75,1.78,1.6,5,5.5,4.5,5.5,5,6,5.63,1,1
101,6,5,1,4,1,2,4,3,4,2.6,2,3.5,1.83,1,4.5,4,101,101,28,1,1.8,1.8,1.8,2.6,2,4.33,1.63,4,3.05,5.75,1.78,1.6,5,5.5,4.5,5.5,5,6,5.63,1,1
104,1,5,5,1,3,4,1,1,4,1.4,1.33,1.5,1.17,4.5,1,5,104,104,27,2,2.2,2.8,3.2,4,1,4.67,1.88,4.2,3.7,4.71,2.44,2.4,4.67,4.17,4.5,5.17,4.67,3.13,6.75,2.5,1.75
104,2,3,4,1,4,3,1,1,1,3.2,2.33,4.5,1.5,3,1.5,4.5,104,104,27,2,2.2,2.8,3.2,4,1,4.67,1.88,4.2,3.7,4.71,2.44,2.4,4.67,4.17,4.5,5.17,4.67,3.13,6.75,2.5,1.75
104,3,1,1,5,4,1,5,3,5,1.4,1.67,1,2.17,1,4.5,2.5,104,104,27,2,2.2,2.8,3.2,4,1,4.67,1.88,4.2,3.7,4.71,2.44,2.4,4.67,4.17,4.5,5.17,4.67,3.13,6.75,2.5,1.75
104,4,3,3,2,3,3,3,1,2,1.8,2.33,1,2.33,3,2,3,104,104,27,2,2.2,2.8,3.2,4,1,4.67,1.88,4.2,3.7,4.71,2.44,2.4,4.67,4.17,4.5,5.17,4.67,3.13,6.75,2.5,1.75
104,5,4,3,4,2,3,2,2,5,2,2,2,3.17,2,1.5,3.67,104,104,27,2,2.2,2.8,3.2,4,1,4.67,1.88,4.2,3.7,4.71,2.44,2.4,4.67,4.17,4.5,5.17,4.67,3.13,6.75,2.5,1.75
104,6,5,3,3,3,3,1,1,3,1.4,1,2,1.33,3.5,1,4,104,104,27,2,2.2,2.8,3.2,4,1,4.67,1.88,4.2,3.7,4.71,2.44,2.4,4.67,4.17,4.5,5.17,4.67,3.13,6.75,2.5,1.75
104,7,3,5,1,3,5,1,1,1,1.2,1.33,1,1,5,1,5,104,104,27,2,2.2,2.8,3.2,4,1,4.67,1.88,4.2,3.7,4.71,2.44,2.4,4.67,4.17,4.5,5.17,4.67,3.13,6.75,2.5,1.75
104,8,4,4,1,2,4,1,1,3,1,1,1,1,4.5,1,4.5,104,104,27,2,2.2,2.8,3.2,4,1,4.67,1.88,4.2,3.7,4.71,2.44,2.4,4.67,4.17,4.5,5.17,4.67,3.13,6.75,2.5,1.75
104,9,3,3,3,3,3,4,3,5,1.4,1.67,1,3.33,1.5,3,3.33,104,104,27,2,2.2,2.8,3.2,4,1,4.67,1.88,4.2,3.7,4.71,2.44,2.4,4.67,4.17,4.5,5.17,4.67,3.13,6.75,2.5,1.75
104,10,4,2,5,4,3,5,4,5,2.6,2.67,2.5,4,1.5,3,4.33,104,104,27,2,2.2,2.8,3.2,4,1,4.67,1.88,4.2,3.7,4.71,2.44,2.4,4.67,4.17,4.5,5.17,4.67,3.13,6.75,2.5,1.75
107,1,5,3,2,3,4,2,1,2,2,1.67,2.5,1.5,4,1.5,4.67,107,107,38,1,2.6,2,1.8,4.2,1.75,3.67,1,4.4,4.3,5.13,1.67,1.2,5.67,4.83,5,4.83,4.33,4.63,6.38,2,2.5
107,2,5,3,1,3,5,1,1,2,2,1.67,2.5,1.67,4,1.5,5,107,107,38,1,2.6,2,1.8,4.2,1.75,3.67,1,4.4,4.3,5.13,1.67,1.2,5.67,4.83,5,4.83,4.33,4.63,6.38,2,2.5
107,3,4,2,3,3,4,3,1,2,3.4,3,4,2.67,2,4,5,107,107,38,1,2.6,2,1.8,4.2,1.75,3.67,1,4.4,4.3,5.13,1.67,1.2,5.67,4.83,5,4.83,4.33,4.63,6.38,2,2.5
107,4,1,2,4,4,5,5,4,2,2.2,2.33,2,3.33,1.5,3.5,3,107,107,38,1,2.6,2,1.8,4.2,1.75,3.67,1,4.4,4.3,5.13,1.67,1.2,5.67,4.83,5,4.83,4.33,4.63,6.38,2,2.5
107,5,4,1,3,2,3,4,3,1,3,3,3,3.67,1,1.5,4,107,107,38,1,2.6,2,1.8,4.2,1.75,3.67,1,4.4,4.3,5.13,1.67,1.2,5.67,4.83,5,4.83,4.33,4.63,6.38,2,2.5
107,6,2,3,1,2,3,4,1,1,2.4,2.33,2.5,2.83,1.5,2,4,107,107,38,1,2.6,2,1.8,4.2,1.75,3.67,1,4.4,4.3,5.13,1.67,1.2,5.67,4.83,5,4.83,4.33,4.63,6.38,2,2.5
107,7,3,1,5,4,4,5,3,1,3.6,3.67,3.5,4,1,2,4,107,107,38,1,2.6,2,1.8,4.2,1.75,3.67,1,4.4,4.3,5.13,1.67,1.2,5.67,4.83,5,4.83,4.33,4.63,6.38,2,2.5
107,8,2,3,3,3,3,3,2,2,3.4,3.33,3.5,2.83,2,2,4,107,107,38,1,2.6,2,1.8,4.2,1.75,3.67,1,4.4,4.3,5.13,1.67,1.2,5.67,4.83,5,4.83,4.33,4.63,6.38,2,2.5
108,1,1,5,1,5,5,1,1,1,1.2,1.33,1,1,2,1,4.67,108,108,35,2,3,1.8,1.8,2.8,3,4.33,1.38,4.4,3.65,6,1.67,1.8,5.83,4.5,3.67,4.83,5.17,5.75,6.13,2,1.75
108,2,3,1,5,4,1,5,2,3,1.4,1,2,3.33,1.5,2,2,108,108,35,2,3,1.8,1.8,2.8,3,4.33,1.38,4.4,3.65,6,1.67,1.8,5.83,4.5,3.67,4.83,5.17,5.75,6.13,2,1.75
108,3,1,2,4,3,2,4,2,4,1.4,1.33,1.5,3,2.5,3,3.5,108,108,35,2,3,1.8,1.8,2.8,3,4.33,1.38,4.4,3.65,6,1.67,1.8,5.83,4.5,3.67,4.83,5.17,5.75,6.13,2,1.75
108,4,3,5,1,3,1,1,1,1,1,1,1,1,3,1,5,108,108,35,2,3,1.8,1.8,2.8,3,4.33,1.38,4.4,3.65,6,1.67,1.8,5.83,4.5,3.67,4.83,5.17,5.75,6.13,2,1.75
108,5,3,3,1,3,3,1,1,2,2,1.67,2.5,1.33,1,1,5,108,108,35,2,3,1.8,1.8,2.8,3,4.33,1.38,4.4,3.65,6,1.67,1.8,5.83,4.5,3.67,4.83,5.17,5.75,6.13,2,1.75
108,6,3,5,1,3,1,1,1,1,1,1,1,1,3,1,5,108,108,35,2,3,1.8,1.8,2.8,3,4.33,1.38,4.4,3.65,6,1.67,1.8,5.83,4.5,3.67,4.83,5.17,5.75,6.13,2,1.75
108,7,3,5,1,3,1,1,1,1,1,1,1,1,3,1,5,108,108,35,2,3,1.8,1.8,2.8,3,4.33,1.38,4.4,3.65,6,1.67,1.8,5.83,4.5,3.67,4.83,5.17,5.75,6.13,2,1.75
108,8,1,5,5,5,1,5,1,1,1,1,1,3.17,1.5,3,3,108,108,35,2,3,1.8,1.8,2.8,3,4.33,1.38,4.4,3.65,6,1.67,1.8,5.83,4.5,3.67,4.83,5.17,5.75,6.13,2,1.75
108,9,1,1,5,5,5,5,2,2,1.2,1.33,1,1,1,1,2,108,108,35,2,3,1.8,1.8,2.8,3,4.33,1.38,4.4,3.65,6,1.67,1.8,5.83,4.5,3.67,4.83,5.17,5.75,6.13,2,1.75
108,10,3,1,4,3,1,4,3,4,1.2,1.33,1,1.83,1,1,3.5,108,108,35,2,3,1.8,1.8,2.8,3,4.33,1.38,4.4,3.65,6,1.67,1.8,5.83,4.5,3.67,4.83,5.17,5.75,6.13,2,1.75
110,1,3,3,3,2,4,3,1,4,2.6,2.67,2.5,3,1.5,2.5,4,110,110,25,1,3.4,2.8,1.8,2,2.75,3.89,2.5,3.6,4.3,5.13,1.22,2.4,5.67,5,5.33,3.67,5,5.38,5,3,2
110,2,2,3,1,3,2,1,1,4,2.4,2.67,2,2.17,3,2,5,110,110,25,1,3.4,2.8,1.8,2,2.75,3.89,2.5,3.6,4.3,5.13,1.22,2.4,5.67,5,5.33,3.67,5,5.38,5,3,2
110,3,3,4,2,3,2,2,1,4,2.6,1.67,4,1.67,1.5,1,4.67,110,110,25,1,3.4,2.8,1.8,2,2.75,3.89,2.5,3.6,4.3,5.13,1.22,2.4,5.67,5,5.33,3.67,5,5.38,5,3,2
110,4,4,3,1,2,2,1,1,3,1.8,1.67,2,2,1,1,5,110,110,25,1,3.4,2.8,1.8,2,2.75,3.89,2.5,3.6,4.3,5.13,1.22,2.4,5.67,5,5.33,3.67,5,5.38,5,3,2
110,5,3,4,1,3,5,1,1,4,2.2,1.67,3,1.67,3,1.5,5,110,110,25,1,3.4,2.8,1.8,2,2.75,3.89,2.5,3.6,4.3,5.13,1.22,2.4,5.67,5,5.33,3.67,5,5.38,5,3,2
110,6,3,5,1,3,5,1,1,4,2,1,3.5,1.33,3.5,2,5,110,110,25,1,3.4,2.8,1.8,2,2.75,3.89,2.5,3.6,4.3,5.13,1.22,2.4,5.67,5,5.33,3.67,5,5.38,5,3,2
110,7,3,5,1,3,5,1,1,3,1.8,1,3,2.33,4.5,1.5,5,110,110,25,1,3.4,2.8,1.8,2,2.75,3.89,2.5,3.6,4.3,5.13,1.22,2.4,5.67,5,5.33,3.67,5,5.38,5,3,2
110,8,3,5,1,3,5,1,1,3,2,1,3.5,2,4,1.5,5,110,110,25,1,3.4,2.8,1.8,2,2.75,3.89,2.5,3.6,4.3,5.13,1.22,2.4,5.67,5,5.33,3.67,5,5.38,5,3,2
112,1,2,4,2,4,4,3,2,3,2.8,2.67,3,3.67,4,2,3.5,112,112,31,1,2.4,2.6,2.4,4.2,2,4.44,2.75,5,2.9,5.38,1.89,1.2,5.83,4.67,3.83,3.17,4,5.75,4.63,2.5,2.5
112,2,4,2,4,3,4,5,4,3,2.4,2.67,2,3.83,3,3,4.33,112,112,31,1,2.4,2.6,2.4,4.2,2,4.44,2.75,5,2.9,5.38,1.89,1.2,5.83,4.67,3.83,3.17,4,5.75,4.63,2.5,2.5
112,3,2,1,3,4,3,5,5,4,2.6,2.67,2.5,4.33,2,3.5,3,112,112,31,1,2.4,2.6,2.4,4.2,2,4.44,2.75,5,2.9,5.38,1.89,1.2,5.83,4.67,3.83,3.17,4,5.75,4.63,2.5,2.5
112,4,3,5,1,3,5,2,2,2,2.6,2.33,3,3.17,3,1.5,5,112,112,31,1,2.4,2.6,2.4,4.2,2,4.44,2.75,5,2.9,5.38,1.89,1.2,5.83,4.67,3.83,3.17,4,5.75,4.63,2.5,2.5
112,5,3,2,3,2,3,2,2,2,3.2,2.67,4,3,2,3,3.5,112,112,31,1,2.4,2.6,2.4,4.2,2,4.44,2.75,5,2.9,5.38,1.89,1.2,5.83,4.67,3.83,3.17,4,5.75,4.63,2.5,2.5
112,6,3,1,2,4,3,2,4,3,3.2,3.33,3,2.5,3.5,1.5,3,112,112,31,1,2.4,2.6,2.4,4.2,2,4.44,2.75,5,2.9,5.38,1.89,1.2,5.83,4.67,3.83,3.17,4,5.75,4.63,2.5,2.5
112,7,1,1,1,3,5,3,5,4,3.8,3.33,4.5,3.17,2.5,2,4.67,112,112,31,1,2.4,2.6,2.4,4.2,2,4.44,2.75,5,2.9,5.38,1.89,1.2,5.83,4.67,3.83,3.17,4,5.75,4.63,2.5,2.5
112,8,4,5,1,5,5,1,2,2,3,2.33,4,2.17,4,1.5,4.5,112,112,31,1,2.4,2.6,2.4,4.2,2,4.44,2.75,5,2.9,5.38,1.89,1.2,5.83,4.67,3.83,3.17,4,5.75,4.63,2.5,2.5
112,9,3,4,1,4,5,1,2,3,3.6,2.67,5,1.67,3.5,1.5,4.67,112,112,31,1,2.4,2.6,2.4,4.2,2,4.44,2.75,5,2.9,5.38,1.89,1.2,5.83,4.67,3.83,3.17,4,5.75,4.63,2.5,2.5
112,10,2,3,1,4,5,1,3,3,3.6,2.67,5,1.33,4.5,1,5,112,112,31,1,2.4,2.6,2.4,4.2,2,4.44,2.75,5,2.9,5.38,1.89,1.2,5.83,4.67,3.83,3.17,4,5.75,4.63,2.5,2.5
113,1,3,3,4,4,2,4,2,3,3.2,2.67,4,3,3.5,-99,4,113,113,34,1,3.2,3.4,1.8,3,2.5,4.44,1.38,5,4.25,5.5,1.56,1.8,4.83,4.67,4.33,4.67,4.67,5,5.75,4,2.25
113,2,3,3,3,4,3,4,4,4,2.4,1.67,3.5,3.5,2.5,1,3.5,113,113,34,1,3.2,3.4,1.8,3,2.5,4.44,1.38,5,4.25,5.5,1.56,1.8,4.83,4.67,4.33,4.67,4.67,5,5.75,4,2.25
113,3,2,2,5,5,2,5,4,5,2,1.33,3,2.67,1.5,3,2,113,113,34,1,3.2,3.4,1.8,3,2.5,4.44,1.38,5,4.25,5.5,1.56,1.8,4.83,4.67,4.33,4.67,4.67,5,5.75,4,2.25
113,4,1,2,4,3,2,4,4,1,4.2,4.33,4,3.5,2,2.5,3.67,113,113,34,1,3.2,3.4,1.8,3,2.5,4.44,1.38,5,4.25,5.5,1.56,1.8,4.83,4.67,4.33,4.67,4.67,5,5.75,4,2.25
113,5,4,2,3,3,3,2,2,5,4.2,3.67,5,4.33,2.5,1,5,113,113,34,1,3.2,3.4,1.8,3,2.5,4.44,1.38,5,4.25,5.5,1.56,1.8,4.83,4.67,4.33,4.67,4.67,5,5.75,4,2.25
113,6,4,2,5,3,2,5,3,5,4.2,4.67,3.5,4.67,2,1,4.67,113,113,34,1,3.2,3.4,1.8,3,2.5,4.44,1.38,5,4.25,5.5,1.56,1.8,4.83,4.67,4.33,4.67,4.67,5,5.75,4,2.25
113,7,3,3,1,3,4,1,1,3,3.8,3.33,4.5,1.5,3.5,1,5,113,113,34,1,3.2,3.4,1.8,3,2.5,4.44,1.38,5,4.25,5.5,1.56,1.8,4.83,4.67,4.33,4.67,4.67,5,5.75,4,2.25
113,8,3,1,3,3,3,1,1,4,4.2,4.33,4,2.17,3,1,4.67,113,113,34,1,3.2,3.4,1.8,3,2.5,4.44,1.38,5,4.25,5.5,1.56,1.8,4.83,4.67,4.33,4.67,4.67,5,5.75,4,2.25
113,9,4,4,2,4,4,2,2,5,4.2,4,4.5,3.5,2.5,1,4.67,113,113,34,1,3.2,3.4,1.8,3,2.5,4.44,1.38,5,4.25,5.5,1.56,1.8,4.83,4.67,4.33,4.67,4.67,5,5.75,4,2.25
113,10,4,2,4,3,2,3,3,1,4,4,4,3.33,2.5,1,4.67,113,113,34,1,3.2,3.4,1.8,3,2.5,4.44,1.38,5,4.25,5.5,1.56,1.8,4.83,4.67,4.33,4.67,4.67,5,5.75,4,2.25
115,1,5,2,5,4,3,3,3,3,3,2.67,3.5,2.17,3.5,2,4.33,115,115,38,1,2.4,2.2,2.2,3,1.75,4.11,1.25,4.6,3.95,5.13,2.11,1.8,5,4.5,4.33,4,5,4.88,5.25,2,2
115,2,3,2,1,4,4,4,4,4,2.4,1.67,3.5,4.5,1,1,3.67,115,115,38,1,2.4,2.2,2.2,3,1.75,4.11,1.25,4.6,3.95,5.13,2.11,1.8,5,4.5,4.33,4,5,4.88,5.25,2,2
115,3,3,2,2,4,3,4,3,4,2,1.67,2.5,4,1,1,4,115,115,38,1,2.4,2.2,2.2,3,1.75,4.11,1.25,4.6,3.95,5.13,2.11,1.8,5,4.5,4.33,4,5,4.88,5.25,2,2
115,4,3,1,1,5,2,5,5,4,3,3,3,4.33,1,1,2.33,115,115,38,1,2.4,2.2,2.2,3,1.75,4.11,1.25,4.6,3.95,5.13,2.11,1.8,5,4.5,4.33,4,5,4.88,5.25,2,2
115,5,3,1,5,5,3,5,5,4,2.4,2.33,2.5,4.33,1,1.5,3,115,115,38,1,2.4,2.2,2.2,3,1.75,4.11,1.25,4.6,3.95,5.13,2.11,1.8,5,4.5,4.33,4,5,4.88,5.25,2,2
115,6,3,1,4,5,2,5,4,5,1.6,2,1,4,1.5,2,3.67,115,115,38,1,2.4,2.2,2.2,3,1.75,4.11,1.25,4.6,3.95,5.13,2.11,1.8,5,4.5,4.33,4,5,4.88,5.25,2,2
115,7,3,2,3,5,3,4,4,5,2,1.33,3,4.33,1,1.5,3.33,115,115,38,1,2.4,2.2,2.2,3,1.75,4.11,1.25,4.6,3.95,5.13,2.11,1.8,5,4.5,4.33,4,5,4.88,5.25,2,2
115,8,3,2,4,5,1,3,3,5,1.6,1.33,2,2.83,1,3.5,3,115,115,38,1,2.4,2.2,2.2,3,1.75,4.11,1.25,4.6,3.95,5.13,2.11,1.8,5,4.5,4.33,4,5,4.88,5.25,2,2
115,9,3,2,3,5,2,4,3,4,1.8,1.33,2.5,4.33,1,1.5,2.67,115,115,38,1,2.4,2.2,2.2,3,1.75,4.11,1.25,4.6,3.95,5.13,2.11,1.8,5,4.5,4.33,4,5,4.88,5.25,2,2
115,10,3,2,3,5,3,4,3,4,1.8,1.67,2,4.67,1,2,3,115,115,38,1,2.4,2.2,2.2,3,1.75,4.11,1.25,4.6,3.95,5.13,2.11,1.8,5,4.5,4.33,4,5,4.88,5.25,2,2
116,1,5,3,2,2,4,1,2,1,3,3,3,1.5,1.5,1,4,116,116,38,2,4,5,2,4.8,3.5,4.56,1.25,4,3.9,7,2.78,2,4.67,3.17,2.83,4.83,5.67,6.88,4.88,1,1.5
116,2,4,2,5,3,1,4,5,5,2.75,-99,3.5,3,1,1,4.33,116,116,38,2,4,5,2,4.8,3.5,4.56,1.25,4,3.9,7,2.78,2,4.67,3.17,2.83,4.83,5.67,6.88,4.88,1,1.5
116,3,3,3,4,4,4,4,2,2,1.6,1.33,2,1.83,1.5,2,4,116,116,38,2,4,5,2,4.8,3.5,4.56,1.25,4,3.9,7,2.78,2,4.67,3.17,2.83,4.83,5.67,6.88,4.88,1,1.5
116,4,5,4,4,1,3,4,2,4,1.6,1,2.5,2,4,1,3.33,116,116,38,2,4,5,2,4.8,3.5,4.56,1.25,4,3.9,7,2.78,2,4.67,3.17,2.83,4.83,5.67,6.88,4.88,1,1.5
116,5,5,5,1,5,5,1,1,2,1.8,1,3,1,4.5,1,5,116,116,38,2,4,5,2,4.8,3.5,4.56,1.25,4,3.9,7,2.78,2,4.67,3.17,2.83,4.83,5.67,6.88,4.88,1,1.5
116,6,3,2,2,4,3,3,1,1,1,1,1,2.5,1,1.5,3,116,116,38,2,4,5,2,4.8,3.5,4.56,1.25,4,3.9,7,2.78,2,4.67,3.17,2.83,4.83,5.67,6.88,4.88,1,1.5
116,7,5,5,1,5,5,1,1,1,2.6,1,5,1.5,5,1,5,116,116,38,2,4,5,2,4.8,3.5,4.56,1.25,4,3.9,7,2.78,2,4.67,3.17,2.83,4.83,5.67,6.88,4.88,1,1.5
116,8,3,4,4,5,4,4,1,1,2,1,3.5,1.5,1,-99,4,116,116,38,2,4,5,2,4.8,3.5,4.56,1.25,4,3.9,7,2.78,2,4.67,3.17,2.83,4.83,5.67,6.88,4.88,1,1.5
116,9,1,2,1,5,3,5,4,1,2,1,3.5,1.33,4.5,1,3,116,116,38,2,4,5,2,4.8,3.5,4.56,1.25,4,3.9,7,2.78,2,4.67,3.17,2.83,4.83,5.67,6.88,4.88,1,1.5
116,10,5,4,5,1,4,1,1,4,2.6,1,5,1,2,1,5,116,116,38,2,4,5,2,4.8,3.5,4.56,1.25,4,3.9,7,2.78,2,4.67,3.17,2.83,4.83,5.67,6.88,4.88,1,1.5
117,1,3,2,1,1,3,4,4,1,3.8,3.33,4.5,3.5,4,1,5,117,117,35,2,5,4.4,1.4,4.2,2.75,4.56,1.63,3.8,3.25,6,2.78,1.2,5.67,4.33,4.5,4.83,5.5,6.25,5.25,1,2
117,2,4,3,1,1,5,1,1,5,4.4,4.33,4.5,2.17,4,1,5,117,117,35,2,5,4.4,1.4,4.2,2.75,4.56,1.63,3.8,3.25,6,2.78,1.2,5.67,4.33,4.5,4.83,5.5,6.25,5.25,1,2
117,3,3,2,2,2,4,1,1,3,4.2,4,4.5,2,4,1,5,117,117,35,2,5,4.4,1.4,4.2,2.75,4.56,1.63,3.8,3.25,6,2.78,1.2,5.67,4.33,4.5,4.83,5.5,6.25,5.25,1,2
117,4,3,3,2,1,4,1,3,1,3,2.67,3.5,1.67,3.5,1.5,5,117,117,35,2,5,4.4,1.4,4.2,2.75,4.56,1.63,3.8,3.25,6,2.78,1.2,5.67,4.33,4.5,4.83,5.5,6.25,5.25,1,2
117,5,3,5,1,5,5,1,1,1,3.2,3.67,2.5,1.17,5,1,5,117,117,35,2,5,4.4,1.4,4.2,2.75,4.56,1.63,3.8,3.25,6,2.78,1.2,5.67,4.33,4.5,4.83,5.5,6.25,5.25,1,2
117,6,3,2,1,3,3,2,2,2,3.8,3.33,4.5,2,4,1,5,117,117,35,2,5,4.4,1.4,4.2,2.75,4.56,1.63,3.8,3.25,6,2.78,1.2,5.67,4.33,4.5,4.83,5.5,6.25,5.25,1,2
117,7,3,2,1,5,3,2,1,1,3.4,3,4,1.83,5,1,5,117,117,35,2,5,4.4,1.4,4.2,2.75,4.56,1.63,3.8,3.25,6,2.78,1.2,5.67,4.33,4.5,4.83,5.5,6.25,5.25,1,2
117,8,3,2,3,2,5,1,2,5,4.4,4.67,4,2,4,1,5,117,117,35,2,5,4.4,1.4,4.2,2.75,4.56,1.63,3.8,3.25,6,2.78,1.2,5.67,4.33,4.5,4.83,5.5,6.25,5.25,1,2
117,9,3,3,1,3,5,1,1,4,4.6,4.33,5,1.17,5,1,5,117,117,35,2,5,4.4,1.4,4.2,2.75,4.56,1.63,3.8,3.25,6,2.78,1.2,5.67,4.33,4.5,4.83,5.5,6.25,5.25,1,2
117,10,2,3,3,3,3,4,3,4,4.2,4.67,3.5,3.17,3.5,1,5,117,117,35,2,5,4.4,1.4,4.2,2.75,4.56,1.63,3.8,3.25,6,2.78,1.2,5.67,4.33,4.5,4.83,5.5,6.25,5.25,1,2
118,1,3,4,2,3,4,2,3,4,3.4,3,4,2.67,3.5,2.5,4,118,118,40,1,2.8,3.2,2,3.5,4.25,4,1.88,3,3.9,4.75,2,1.2,4.5,4.83,4,3.5,4.17,5.25,5.25,1,2
118,2,3,2,2,3,3,2,1,1,4,3.67,4.5,2.83,3,2.5,3,118,118,40,1,2.8,3.2,2,3.5,4.25,4,1.88,3,3.9,4.75,2,1.2,4.5,4.83,4,3.5,4.17,5.25,5.25,1,2
118,3,3,2,4,2,3,1,1,1,3.4,2.67,4.5,1.5,4,2,4,118,118,40,1,2.8,3.2,2,3.5,4.25,4,1.88,3,3.9,4.75,2,1.2,4.5,4.83,4,3.5,4.17,5.25,5.25,1,2
118,4,3,5,5,4,5,1,1,2,3.4,3,4,3.17,3,3,4,118,118,40,1,2.8,3.2,2,3.5,4.25,4,1.88,3,3.9,4.75,2,1.2,4.5,4.83,4,3.5,4.17,5.25,5.25,1,2
118,5,3,3,3,3,3,2,2,4,3.2,3.33,3,3,4,3.5,4.5,118,118,40,1,2.8,3.2,2,3.5,4.25,4,1.88,3,3.9,4.75,2,1.2,4.5,4.83,4,3.5,4.17,5.25,5.25,1,2
118,6,3,3,4,3,4,1,1,2,2.6,2.33,3,2.5,3,2.5,4,118,118,40,1,2.8,3.2,2,3.5,4.25,4,1.88,3,3.9,4.75,2,1.2,4.5,4.83,4,3.5,4.17,5.25,5.25,1,2
118,7,3,2,3,2,2,4,4,4,2.2,1.67,3,3,4,3.5,3.33,118,118,40,1,2.8,3.2,2,3.5,4.25,4,1.88,3,3.9,4.75,2,1.2,4.5,4.83,4,3.5,4.17,5.25,5.25,1,2
118,8,3,3,3,3,3,3,2,4,3.2,3,3.5,3,2,3,4,118,118,40,1,2.8,3.2,2,3.5,4.25,4,1.88,3,3.9,4.75,2,1.2,4.5,4.83,4,3.5,4.17,5.25,5.25,1,2
118,9,3,4,5,4,4,2,1,4,2.4,1.67,3.5,2.17,4,2,4,118,118,40,1,2.8,3.2,2,3.5,4.25,4,1.88,3,3.9,4.75,2,1.2,4.5,4.83,4,3.5,4.17,5.25,5.25,1,2
118,10,3,3,5,1,3,3,4,5,3.2,3,3.5,3,3.5,3,3.67,118,118,40,1,2.8,3.2,2,3.5,4.25,4,1.88,3,3.9,4.75,2,1.2,4.5,4.83,4,3.5,4.17,5.25,5.25,1,2
119,1,4,2,3,2,4,4,2,2,3,2.33,4,4,1.5,2,4,119,119,27,2,4,3.4,3.2,3.4,4,3.22,3,3,2.45,3.25,5,4.6,2.5,2.5,3,4,4.33,3.75,2.75,2.5,1.25
119,2,1,1,4,3,3,4,2,2,1.8,1.33,2.5,2.33,4,1,4,119,119,27,2,4,3.4,3.2,3.4,4,3.22,3,3,2.45,3.25,5,4.6,2.5,2.5,3,4,4.33,3.75,2.75,2.5,1.25
119,3,3,1,4,4,1,4,4,3,2.8,2,4,2.83,2,3.5,2.5,119,119,27,2,4,3.4,3.2,3.4,4,3.22,3,3,2.45,3.25,5,4.6,2.5,2.5,3,4,4.33,3.75,2.75,2.5,1.25
119,4,3,1,1,2,4,1,1,1,1.8,1.33,2.5,1,2.5,1,4,119,119,27,2,4,3.4,3.2,3.4,4,3.22,3,3,2.45,3.25,5,4.6,2.5,2.5,3,4,4.33,3.75,2.75,2.5,1.25
119,5,5,1,2,4,2,5,5,4,3.2,3,3.5,4,1,2.5,3,119,119,27,2,4,3.4,3.2,3.4,4,3.22,3,3,2.45,3.25,5,4.6,2.5,2.5,3,4,4.33,3.75,2.75,2.5,1.25
119,6,4,1,5,3,2,5,4,3,2.8,2.33,3.5,2.33,4,2.5,3.33,119,119,27,2,4,3.4,3.2,3.4,4,3.22,3,3,2.45,3.25,5,4.6,2.5,2.5,3,4,4.33,3.75,2.75,2.5,1.25
119,7,3,5,1,3,5,1,1,1,1.8,2,1.5,1.17,2.5,1,4,119,119,27,2,4,3.4,3.2,3.4,4,3.22,3,3,2.45,3.25,5,4.6,2.5,2.5,3,4,4.33,3.75,2.75,2.5,1.25
119,8,3,2,1,4,5,1,1,2,2.6,1.67,4,1.17,3.5,1,3.67,119,119,27,2,4,3.4,3.2,3.4,4,3.22,3,3,2.45,3.25,5,4.6,2.5,2.5,3,4,4.33,3.75,2.75,2.5,1.25
119,9,5,1,5,5,3,5,5,4,2,1,3.5,2.33,1.5,1,3.33,119,119,27,2,4,3.4,3.2,3.4,4,3.22,3,3,2.45,3.25,5,4.6,2.5,2.5,3,4,4.33,3.75,2.75,2.5,1.25
119,10,4,2,4,4,3,3,3,2,2,2,2,2.67,3,2,3.33,119,119,27,2,4,3.4,3.2,3.4,4,3.22,3,3,2.45,3.25,5,4.6,2.5,2.5,3,4,4.33,3.75,2.75,2.5,1.25
120,1,1,2,1,1,3,1,1,5,1.8,2,1.5,3.83,3.5,1,5,120,120,40,1,2.4,2.4,2.4,2.4,2,4.11,1.38,3.4,4.2,5.25,1.56,1.4,5,3.33,4.17,4.67,5.33,5.38,6,2,2.25
120,2,4,2,1,5,3,2,1,5,2.4,2.33,2.5,3.5,4,1,5,120,120,40,1,2.4,2.4,2.4,2.4,2,4.11,1.38,3.4,4.2,5.25,1.56,1.4,5,3.33,4.17,4.67,5.33,5.38,6,2,2.25
120,3,1,2,1,1,5,1,1,1,2,1.67,2.5,4,4,1,4.67,120,120,40,1,2.4,2.4,2.4,2.4,2,4.11,1.38,3.4,4.2,5.25,1.56,1.4,5,3.33,4.17,4.67,5.33,5.38,6,2,2.25
120,4,1,5,1,5,5,1,1,1,2.4,2.33,2.5,2,4,1,4,120,120,40,1,2.4,2.4,2.4,2.4,2,4.11,1.38,3.4,4.2,5.25,1.56,1.4,5,3.33,4.17,4.67,5.33,5.38,6,2,2.25
120,5,1,1,2,1,1,5,2,2,1.4,1.67,1,3.5,2,2.5,4.33,120,120,40,1,2.4,2.4,2.4,2.4,2,4.11,1.38,3.4,4.2,5.25,1.56,1.4,5,3.33,4.17,4.67,5.33,5.38,6,2,2.25
120,6,3,1,1,2,2,5,1,5,1.6,1.33,2,4,2,1,4.33,120,120,40,1,2.4,2.4,2.4,2.4,2,4.11,1.38,3.4,4.2,5.25,1.56,1.4,5,3.33,4.17,4.67,5.33,5.38,6,2,2.25
120,7,2,5,1,5,1,1,1,3,2.2,1.33,3.5,1.67,4,1,5,120,120,40,1,2.4,2.4,2.4,2.4,2,4.11,1.38,3.4,4.2,5.25,1.56,1.4,5,3.33,4.17,4.67,5.33,5.38,6,2,2.25
120,8,3,4,1,2,1,1,1,5,2.8,2,4,2,4,1,5,120,120,40,1,2.4,2.4,2.4,2.4,2,4.11,1.38,3.4,4.2,5.25,1.56,1.4,5,3.33,4.17,4.67,5.33,5.38,6,2,2.25
120,9,1,1,1,5,3,1,1,1,2.4,1.67,3.5,3.83,2,1,3.67,120,120,40,1,2.4,2.4,2.4,2.4,2,4.11,1.38,3.4,4.2,5.25,1.56,1.4,5,3.33,4.17,4.67,5.33,5.38,6,2,2.25
120,10,3,5,1,2,1,1,1,1,2.6,1.67,4,1.33,4.5,1,5,120,120,40,1,2.4,2.4,2.4,2.4,2,4.11,1.38,3.4,4.2,5.25,1.56,1.4,5,3.33,4.17,4.67,5.33,5.38,6,2,2.25
201,1,2,5,1,3,4,3,3,2,2.2,1.33,3.5,2.17,3,2.5,4,201,201,32,1,3,2.8,1.6,3,2.75,4.22,2,4.2,4.4,5,2.11,2.4,4.67,3.5,5,4.17,4.67,5.63,4.13,2.5,1.5
201,2,4,1,5,4,4,4,4,5,1.8,1,3,3,1.5,1,5,201,201,32,1,3,2.8,1.6,3,2.75,4.22,2,4.2,4.4,5,2.11,2.4,4.67,3.5,5,4.17,4.67,5.63,4.13,2.5,1.5
201,3,2,3,4,2,3,4,3,3,2,1.67,2.5,3.5,2,2,5,201,201,32,1,3,2.8,1.6,3,2.75,4.22,2,4.2,4.4,5,2.11,2.4,4.67,3.5,5,4.17,4.67,5.63,4.13,2.5,1.5
201,4,2,4,1,4,4,1,1,2,1.6,1,2.5,1,4,1,4.33,201,201,32,1,3,2.8,1.6,3,2.75,4.22,2,4.2,4.4,5,2.11,2.4,4.67,3.5,5,4.17,4.67,5.63,4.13,2.5,1.5
201,5,3,4,2,3,4,4,3,4,2,1.67,2.5,2.67,2.5,2.5,4,201,201,32,1,3,2.8,1.6,3,2.75,4.22,2,4.2,4.4,5,2.11,2.4,4.67,3.5,5,4.17,4.67,5.63,4.13,2.5,1.5
202,1,5,3,1,3,5,2,1,4,1.2,1.33,1,2.67,2.5,2.5,4.33,202,202,26,1,1.8,1.8,2,1.2,3.75,3.89,1.38,3.2,3.7,6.25,1.56,1,5.67,3.33,3.17,4.17,5,5.5,6.13,2.5,2.25
202,2,4,1,4,2,3,4,3,1,1.8,2,1.5,1.83,4,3.5,3,202,202,26,1,1.8,1.8,2,1.2,3.75,3.89,1.38,3.2,3.7,6.25,1.56,1,5.67,3.33,3.17,4.17,5,5.5,6.13,2.5,2.25
202,3,5,3,4,3,3,4,2,3,2,2,2,3.5,2,3,4,202,202,26,1,1.8,1.8,2,1.2,3.75,3.89,1.38,3.2,3.7,6.25,1.56,1,5.67,3.33,3.17,4.17,5,5.5,6.13,2.5,2.25
202,4,3,2,5,4,2,5,4,3,1.6,1.33,2,2.5,3,2,1.67,202,202,26,1,1.8,1.8,2,1.2,3.75,3.89,1.38,3.2,3.7,6.25,1.56,1,5.67,3.33,3.17,4.17,5,5.5,6.13,2.5,2.25
202,5,3,4,1,4,5,1,1,1,2.2,1.67,3,1.33,5,1,5,202,202,26,1,1.8,1.8,2,1.2,3.75,3.89,1.38,3.2,3.7,6.25,1.56,1,5.67,3.33,3.17,4.17,5,5.5,6.13,2.5,2.25
202,6,2,3,4,3,1,5,2,4,2.2,2,2.5,3.67,1,3.5,2,202,202,26,1,1.8,1.8,2,1.2,3.75,3.89,1.38,3.2,3.7,6.25,1.56,1,5.67,3.33,3.17,4.17,5,5.5,6.13,2.5,2.25
202,7,5,3,5,3,4,4,2,4,2,2,2,2.33,2,4.5,2.5,202,202,26,1,1.8,1.8,2,1.2,3.75,3.89,1.38,3.2,3.7,6.25,1.56,1,5.67,3.33,3.17,4.17,5,5.5,6.13,2.5,2.25
203,1,5,3,1,3,5,1,1,3,1.8,2,1.5,1.83,4,1,4.67,203,203,20,1,2.4,1.6,1.4,3.8,1.25,4.78,1.25,4.4,3.55,4.25,1.89,2.6,3.17,4.5,2.17,5,4,4.38,6.13,2,2.25
203,2,4,3,3,4,4,3,2,3,4.2,4.33,4,2.83,1.5,2,4.33,203,203,20,1,2.4,1.6,1.4,3.8,1.25,4.78,1.25,4.4,3.55,4.25,1.89,2.6,3.17,4.5,2.17,5,4,4.38,6.13,2,2.25
203,3,4,1,2,4,4,4,3,2,4.2,4,4.5,3,3,1.5,4.33,203,203,20,1,2.4,1.6,1.4,3.8,1.25,4.78,1.25,4.4,3.55,4.25,1.89,2.6,3.17,4.5,2.17,5,4,4.38,6.13,2,2.25
203,4,2,2,4,4,2,4,4,4,2.6,3.33,1.5,3.83,1.5,1.5,3.67,203,203,20,1,2.4,1.6,1.4,3.8,1.25,4.78,1.25,4.4,3.55,4.25,1.89,2.6,3.17,4.5,2.17,5,4,4.38,6.13,2,2.25
204,1,5,2,3,1,2,1,2,5,3.6,3.67,3.5,2.5,3,2,5,204,204,47,1,3,3.2,1.2,3.8,1.75,3.89,2,4.4,4.25,6.25,1.44,1.6,4.67,5.67,3.17,4.67,4,6,6,2,1.5
204,2,5,3,3,3,5,1,1,2,3.4,3,4,2.17,4,1,5,204,204,47,1,3,3.2,1.2,3.8,1.75,3.89,2,4.4,4.25,6.25,1.44,1.6,4.67,5.67,3.17,4.67,4,6,6,2,1.5
204,3,3,3,3,2,3,1,1,1,3,3,3,2.5,3.5,2.5,3.67,204,204,47,1,3,3.2,1.2,3.8,1.75,3.89,2,4.4,4.25,6.25,1.44,1.6,4.67,5.67,3.17,4.67,4,6,6,2,1.5
204,4,4,3,2,3,4,1,1,1,3.4,3.33,3.5,3.33,2.5,2,3.33,204,204,47,1,3,3.2,1.2,3.8,1.75,3.89,2,4.4,4.25,6.25,1.44,1.6,4.67,5.67,3.17,4.67,4,6,6,2,1.5
204,5,3,5,1,4,5,1,1,1,3.4,3.67,3,2.17,4,1,5,204,204,47,1,3,3.2,1.2,3.8,1.75,3.89,2,4.4,4.25,6.25,1.44,1.6,4.67,5.67,3.17,4.67,4,6,6,2,1.5
204,6,3,3,3,3,4,4,2,2,3,3.33,2.5,3.5,2.5,2,4.33,204,204,47,1,3,3.2,1.2,3.8,1.75,3.89,2,4.4,4.25,6.25,1.44,1.6,4.67,5.67,3.17,4.67,4,6,6,2,1.5
204,7,2,3,3,4,3,4,3,1,3.2,3.33,3,3.5,2,2.5,4.33,204,204,47,1,3,3.2,1.2,3.8,1.75,3.89,2,4.4,4.25,6.25,1.44,1.6,4.67,5.67,3.17,4.67,4,6,6,2,1.5
205,1,1,1,5,2,1,5,4,5,3.2,2.67,4,4.33,2,2,1.67,205,205,26,1,2.6,3.2,2,3.8,1,4.67,1.63,4.8,3.75,5.63,1.67,1.2,5.83,5,5.5,5.67,5.5,5.5,5.88,1,1.75
205,2,4,3,3,2,5,2,4,5,3.6,2.67,5,2.67,4,1.5,5,205,205,26,1,2.6,3.2,2,3.8,1,4.67,1.63,4.8,3.75,5.63,1.67,1.2,5.83,5,5.5,5.67,5.5,5.5,5.88,1,1.75
205,3,3,5,1,4,5,1,1,5,3,1.67,5,1,5,3,5,205,205,26,1,2.6,3.2,2,3.8,1,4.67,1.63,4.8,3.75,5.63,1.67,1.2,5.83,5,5.5,5.67,5.5,5.5,5.88,1,1.75
205,4,3,3,4,3,3,2,2,3,2.4,1.67,3.5,4,4,1,4.67,205,205,26,1,2.6,3.2,2,3.8,1,4.67,1.63,4.8,3.75,5.63,1.67,1.2,5.83,5,5.5,5.67,5.5,5.5,5.88,1,1.75
205,5,5,5,1,4,5,1,1,1,2,1.67,2.5,1.33,5,1,5,205,205,26,1,2.6,3.2,2,3.8,1,4.67,1.63,4.8,3.75,5.63,1.67,1.2,5.83,5,5.5,5.67,5.5,5.5,5.88,1,1.75
205,6,5,3,3,3,3,2,2,1,1.4,1,2,3.33,1.5,2,4.33,205,205,26,1,2.6,3.2,2,3.8,1,4.67,1.63,4.8,3.75,5.63,1.67,1.2,5.83,5,5.5,5.67,5.5,5.5,5.88,1,1.75
205,7,5,3,2,2,5,4,2,3,1.6,1,2.5,4.17,1,2,5,205,205,26,1,2.6,3.2,2,3.8,1,4.67,1.63,4.8,3.75,5.63,1.67,1.2,5.83,5,5.5,5.67,5.5,5.5,5.88,1,1.75
205,8,3,3,5,2,2,5,2,5,2,1,3.5,3.17,1,2,3.33,205,205,26,1,2.6,3.2,2,3.8,1,4.67,1.63,4.8,3.75,5.63,1.67,1.2,5.83,5,5.5,5.67,5.5,5.5,5.88,1,1.75
205,9,5,5,1,3,5,1,1,5,1,1,1,1,5,1,5,205,205,26,1,2.6,3.2,2,3.8,1,4.67,1.63,4.8,3.75,5.63,1.67,1.2,5.83,5,5.5,5.67,5.5,5.5,5.88,1,1.75
205,10,5,3,3,3,4,3,2,5,1,-99,1,1.33,3,1.5,3,205,205,26,1,2.6,3.2,2,3.8,1,4.67,1.63,4.8,3.75,5.63,1.67,1.2,5.83,5,5.5,5.67,5.5,5.5,5.88,1,1.75
206,1,5,1,3,2,3,5,4,1,1.8,1,3,2.33,5,1,3.5,206,206,40,1,5,4.4,1,3.2,2,3.89,1.13,2.8,3.15,5.5,2.56,1,5.17,4.5,4.17,5.33,4.5,5.88,5.88,3,2.5
206,2,3,1,4,5,3,4,4,4,3,3,3,3.5,1.5,2,4,206,206,40,1,5,4.4,1,3.2,2,3.89,1.13,2.8,3.15,5.5,2.56,1,5.17,4.5,4.17,5.33,4.5,5.88,5.88,3,2.5
206,3,4,1,3,3,3,5,4,2,2,1.67,2.5,3.17,2.5,2,4,206,206,40,1,5,4.4,1,3.2,2,3.89,1.13,2.8,3.15,5.5,2.56,1,5.17,4.5,4.17,5.33,4.5,5.88,5.88,3,2.5
206,4,3,1,5,5,3,5,4,5,2.4,2,3,2.33,2,3.5,5,206,206,40,1,5,4.4,1,3.2,2,3.89,1.13,2.8,3.15,5.5,2.56,1,5.17,4.5,4.17,5.33,4.5,5.88,5.88,3,2.5
207,1,1,5,1,4,1,3,2,3,3,3.33,2.5,3.17,2,2.5,4.5,207,207,25,1,3.75,3.6,1.4,2.6,4.25,4.44,2,3.2,4.7,6,1.33,2.6,5.67,5.33,4.5,5.67,5.5,5.63,2.88,2,2.5
207,2,1,1,1,5,1,1,1,4,2.2,1,4,1.83,4,1.5,4.67,207,207,25,1,3.75,3.6,1.4,2.6,4.25,4.44,2,3.2,4.7,6,1.33,2.6,5.67,5.33,4.5,5.67,5.5,5.63,2.88,2,2.5
207,3,5,5,1,5,2,1,1,3,3.6,3,4.5,2.5,2.5,2.5,4,207,207,25,1,3.75,3.6,1.4,2.6,4.25,4.44,2,3.2,4.7,6,1.33,2.6,5.67,5.33,4.5,5.67,5.5,5.63,2.88,2,2.5
207,4,3,2,5,5,3,5,3,4,3.6,3,4.5,2.5,2.5,4,3,207,207,25,1,3.75,3.6,1.4,2.6,4.25,4.44,2,3.2,4.7,6,1.33,2.6,5.67,5.33,4.5,5.67,5.5,5.63,2.88,2,2.5
208,1,4,4,1,4,5,2,4,3,3,2.33,4,3.17,3,1.5,5,208,208,27,1,4.8,5,1.8,3.8,3.25,4.67,1.25,4.6,3,6.5,1.78,1.4,4.33,4.67,4.17,4.5,4.33,7,5.5,1,2
208,2,5,4,1,3,4,2,1,2,2.2,1.67,3,2.67,2.5,1.5,4.67,208,208,27,1,4.8,5,1.8,3.8,3.25,4.67,1.25,4.6,3,6.5,1.78,1.4,4.33,4.67,4.17,4.5,4.33,7,5.5,1,2
208,3,4,4,1,3,4,2,2,3,2.6,2,3.5,2.5,3,2,4,208,208,27,1,4.8,5,1.8,3.8,3.25,4.67,1.25,4.6,3,6.5,1.78,1.4,4.33,4.67,4.17,4.5,4.33,7,5.5,1,2
208,4,4,2,3,1,3,5,5,2,2.4,2.33,2.5,4,2,2,4.67,208,208,27,1,4.8,5,1.8,3.8,3.25,4.67,1.25,4.6,3,6.5,1.78,1.4,4.33,4.67,4.17,4.5,4.33,7,5.5,1,2
208,5,4,5,1,4,4,1,2,4,2.8,2.33,3.5,1.83,4,1.5,5,208,208,27,1,4.8,5,1.8,3.8,3.25,4.67,1.25,4.6,3,6.5,1.78,1.4,4.33,4.67,4.17,4.5,4.33,7,5.5,1,2
208,6,3,2,3,3,4,4,4,3,3,2.67,3.5,4.33,2,2,3.33,208,208,27,1,4.8,5,1.8,3.8,3.25,4.67,1.25,4.6,3,6.5,1.78,1.4,4.33,4.67,4.17,4.5,4.33,7,5.5,1,2
208,7,4,5,1,5,5,1,1,2,2.6,2,3.5,2,5,1.5,5,208,208,27,1,4.8,5,1.8,3.8,3.25,4.67,1.25,4.6,3,6.5,1.78,1.4,4.33,4.67,4.17,4.5,4.33,7,5.5,1,2
208,8,3,1,5,4,2,3,3,3,2.8,2,4,3.17,3,2,2.5,208,208,27,1,4.8,5,1.8,3.8,3.25,4.67,1.25,4.6,3,6.5,1.78,1.4,4.33,4.67,4.17,4.5,4.33,7,5.5,1,2
208,9,3,4,3,2,5,3,3,5,2.6,2.33,3,3,3,2,4,208,208,27,1,4.8,5,1.8,3.8,3.25,4.67,1.25,4.6,3,6.5,1.78,1.4,4.33,4.67,4.17,4.5,4.33,7,5.5,1,2
208,10,4,4,2,3,4,2,2,3,2.6,2.33,3,2.67,4,2,4,208,208,27,1,4.8,5,1.8,3.8,3.25,4.67,1.25,4.6,3,6.5,1.78,1.4,4.33,4.67,4.17,4.5,4.33,7,5.5,1,2
209,1,2,4,2,5,4,1,1,4,3.2,2.67,4,1.83,3.5,2,4,209,209,44,2,3.2,3.4,1,3.2,4.25,3.67,2,2.6,4,5.75,1.22,1.8,4.17,4.5,5,4.67,5.2,6.5,4.25,1,2.25
209,2,4,5,1,5,5,1,1,4,2.25,-99,2,1.17,4.5,1,5,209,209,44,2,3.2,3.4,1,3.2,4.25,3.67,2,2.6,4,5.75,1.22,1.8,4.17,4.5,5,4.67,5.2,6.5,4.25,1,2.25
209,3,3,2,4,3,3,4,4,3,3,2.67,3.5,2.83,4,3,4,209,209,44,2,3.2,3.4,1,3.2,4.25,3.67,2,2.6,4,5.75,1.22,1.8,4.17,4.5,5,4.67,5.2,6.5,4.25,1,2.25
209,4,3,5,1,4,5,1,1,1,2.6,2,3.5,1,5,1,4.67,209,209,44,2,3.2,3.4,1,3.2,4.25,3.67,2,2.6,4,5.75,1.22,1.8,4.17,4.5,5,4.67,5.2,6.5,4.25,1,2.25
209,5,3,1,4,3,2,5,4,4,3.4,3.67,3,2.83,3,2,4,209,209,44,2,3.2,3.4,1,3.2,4.25,3.67,2,2.6,4,5.75,1.22,1.8,4.17,4.5,5,4.67,5.2,6.5,4.25,1,2.25
210,1,5,4,1,3,4,1,3,4,2.2,1.67,3,2.33,1.5,1,5,210,210,46,1,3.8,4.4,1.2,3.2,2.75,3.89,1,3.8,3.15,4.13,1.67,1.2,5.17,4.83,4.5,4.83,5.5,4.63,3.75,3.5,4
210,2,5,4,1,3,4,2,3,4,2.6,2.33,3,3,1.5,1,5,210,210,46,1,3.8,4.4,1.2,3.2,2.75,3.89,1,3.8,3.15,4.13,1.67,1.2,5.17,4.83,4.5,4.83,5.5,4.63,3.75,3.5,4
210,3,3,3,4,4,2,4,4,4,2.2,2.33,2,4.67,1.5,2,4,210,210,46,1,3.8,4.4,1.2,3.2,2.75,3.89,1,3.8,3.15,4.13,1.67,1.2,5.17,4.83,4.5,4.83,5.5,4.63,3.75,3.5,4
210,4,4,4,2,4,4,3,2,3,3.4,3,4,3,4,1,5,210,210,46,1,3.8,4.4,1.2,3.2,2.75,3.89,1,3.8,3.15,4.13,1.67,1.2,5.17,4.83,4.5,4.83,5.5,4.63,3.75,3.5,4
211,1,2,3,1,2,2,4,4,4,2.4,2,3,2,1.5,1.5,3.67,211,211,22,1,4.6,3.2,2.6,2.2,2.25,3.33,1.38,3,3.8,5.38,1.89,1.4,5.17,4.33,4.33,4.67,5.17,5,3.75,2,1.75
211,2,3,3,4,3,2,4,3,4,1.8,1.33,2.5,2,1.5,1.5,3.67,211,211,22,1,4.6,3.2,2.6,2.2,2.25,3.33,1.38,3,3.8,5.38,1.89,1.4,5.17,4.33,4.33,4.67,5.17,5,3.75,2,1.75
211,3,3,2,4,2,2,4,2,4,2,1,3.5,1.83,2.5,2,4,211,211,22,1,4.6,3.2,2.6,2.2,2.25,3.33,1.38,3,3.8,5.38,1.89,1.4,5.17,4.33,4.33,4.67,5.17,5,3.75,2,1.75
211,4,5,5,1,2,4,1,1,4,2.2,1.67,3,1.5,4,1,4,211,211,22,1,4.6,3.2,2.6,2.2,2.25,3.33,1.38,3,3.8,5.38,1.89,1.4,5.17,4.33,4.33,4.67,5.17,5,3.75,2,1.75
211,5,3,3,4,3,4,3,3,4,2.4,1.33,4,2,3.5,1,5,211,211,22,1,4.6,3.2,2.6,2.2,2.25,3.33,1.38,3,3.8,5.38,1.89,1.4,5.17,4.33,4.33,4.67,5.17,5,3.75,2,1.75
211,6,3,2,4,2,3,4,4,4,2.4,1.67,3.5,2,1,1,3.5,211,211,22,1,4.6,3.2,2.6,2.2,2.25,3.33,1.38,3,3.8,5.38,1.89,1.4,5.17,4.33,4.33,4.67,5.17,5,3.75,2,1.75
211,7,3,3,2,2,3,1,2,2,2,1,3.5,1,3,1,4,211,211,22,1,4.6,3.2,2.6,2.2,2.25,3.33,1.38,3,3.8,5.38,1.89,1.4,5.17,4.33,4.33,4.67,5.17,5,3.75,2,1.75
211,8,5,2,4,2,4,4,4,4,1.4,1,2,2.5,1.5,2,4,211,211,22,1,4.6,3.2,2.6,2.2,2.25,3.33,1.38,3,3.8,5.38,1.89,1.4,5.17,4.33,4.33,4.67,5.17,5,3.75,2,1.75
211,9,3,4,1,4,5,2,1,1,2.4,1.33,4,1.17,4.5,1,4.67,211,211,22,1,4.6,3.2,2.6,2.2,2.25,3.33,1.38,3,3.8,5.38,1.89,1.4,5.17,4.33,4.33,4.67,5.17,5,3.75,2,1.75
211,10,3,2,3,1,3,3,2,4,2,1.33,3,2,2,1,4,211,211,22,1,4.6,3.2,2.6,2.2,2.25,3.33,1.38,3,3.8,5.38,1.89,1.4,5.17,4.33,4.33,4.67,5.17,5,3.75,2,1.75
300,1,3,4,1,5,4,3,2,3,2.8,3,2.5,1.67,1.5,2,3,300,300,33,1,4.8,3.8,1.8,3.2,3.25,4.11,1.13,2.4,3.5,5.5,1.78,1.2,5,5,4.5,4.33,4.5,6.13,4.5,2,2.75
300,2,4,4,1,1,2,2,4,5,2.6,2.33,3,1.83,2,2,4,300,300,33,1,4.8,3.8,1.8,3.2,3.25,4.11,1.13,2.4,3.5,5.5,1.78,1.2,5,5,4.5,4.33,4.5,6.13,4.5,2,2.75
300,3,3,5,3,5,4,4,3,4,2.6,2.33,3,1.83,2.5,1.5,3.5,300,300,33,1,4.8,3.8,1.8,3.2,3.25,4.11,1.13,2.4,3.5,5.5,1.78,1.2,5,5,4.5,4.33,4.5,6.13,4.5,2,2.75
300,4,3,3,1,2,2,3,3,3,2.4,2.33,2.5,2,2,2,3.33,300,300,33,1,4.8,3.8,1.8,3.2,3.25,4.11,1.13,2.4,3.5,5.5,1.78,1.2,5,5,4.5,4.33,4.5,6.13,4.5,2,2.75
300,5,3,2,4,4,2,3,4,4,2.8,2.67,3,2,2.5,2,3.67,300,300,33,1,4.8,3.8,1.8,3.2,3.25,4.11,1.13,2.4,3.5,5.5,1.78,1.2,5,5,4.5,4.33,4.5,6.13,4.5,2,2.75
300,6,3,5,2,5,2,3,4,4,2.8,3,2.5,2,2.5,2,4,300,300,33,1,4.8,3.8,1.8,3.2,3.25,4.11,1.13,2.4,3.5,5.5,1.78,1.2,5,5,4.5,4.33,4.5,6.13,4.5,2,2.75
300,7,3,3,3,3,3,3,3,3,2.6,2.67,2.5,2,2,2.5,3,300,300,33,1,4.8,3.8,1.8,3.2,3.25,4.11,1.13,2.4,3.5,5.5,1.78,1.2,5,5,4.5,4.33,4.5,6.13,4.5,2,2.75
300,8,3,4,1,5,4,3,3,3,2.4,2.67,2,2,3,2,3.67,300,300,33,1,4.8,3.8,1.8,3.2,3.25,4.11,1.13,2.4,3.5,5.5,1.78,1.2,5,5,4.5,4.33,4.5,6.13,4.5,2,2.75
300,9,3,4,1,4,4,2,3,3,2.2,2.33,2,2,3,2,3.67,300,300,33,1,4.8,3.8,1.8,3.2,3.25,4.11,1.13,2.4,3.5,5.5,1.78,1.2,5,5,4.5,4.33,4.5,6.13,4.5,2,2.75
300,10,3,3,2,3,3,3,3,3,3,3,3,2,3,2,3.33,300,300,33,1,4.8,3.8,1.8,3.2,3.25,4.11,1.13,2.4,3.5,5.5,1.78,1.2,5,5,4.5,4.33,4.5,6.13,4.5,2,2.75
301,1,5,4,1,3,4,2,3,1,2.2,1,4,1.17,2,2.5,4.67,301,301,57,1,3.4,4.4,2.4,4.2,4.25,4.67,1.75,3.4,2.8,4.13,2.44,1.2,5,3.17,3.5,3.67,4.67,4.25,4.75,1.5,1.75
301,2,5,3,1,3,3,1,-99,1,2.4,2.33,2.5,1.17,1.5,1,3.5,301,301,57,1,3.4,4.4,2.4,4.2,4.25,4.67,1.75,3.4,2.8,4.13,2.44,1.2,5,3.17,3.5,3.67,4.67,4.25,4.75,1.5,1.75
301,3,4,3,3,3,3,3,3,4,3,3.33,2.5,3.83,2.5,3,4.33,301,301,57,1,3.4,4.4,2.4,4.2,4.25,4.67,1.75,3.4,2.8,4.13,2.44,1.2,5,3.17,3.5,3.67,4.67,4.25,4.75,1.5,1.75
301,4,3,3,1,3,2,1,1,1,2,1.33,3,1.5,4,1.5,5,301,301,57,1,3.4,4.4,2.4,4.2,4.25,4.67,1.75,3.4,2.8,4.13,2.44,1.2,5,3.17,3.5,3.67,4.67,4.25,4.75,1.5,1.75
301,5,4,4,1,4,4,1,1,1,2.8,2.33,3.5,1,3.5,1,5,301,301,57,1,3.4,4.4,2.4,4.2,4.25,4.67,1.75,3.4,2.8,4.13,2.44,1.2,5,3.17,3.5,3.67,4.67,4.25,4.75,1.5,1.75
301,6,3,2,3,3,3,4,3,5,2,2,2,3.17,2.5,2.5,3,301,301,57,1,3.4,4.4,2.4,4.2,4.25,4.67,1.75,3.4,2.8,4.13,2.44,1.2,5,3.17,3.5,3.67,4.67,4.25,4.75,1.5,1.75
301,7,-99,-99,-99,-99,1,1,1,1,1.4,1.67,1,1.17,1,1,1.5,301,301,57,1,3.4,4.4,2.4,4.2,4.25,4.67,1.75,3.4,2.8,4.13,2.44,1.2,5,3.17,3.5,3.67,4.67,4.25,4.75,1.5,1.75
301,8,3,3,3,3,3,1,1,1,1.4,1.67,1,1,1,1,3,301,301,57,1,3.4,4.4,2.4,4.2,4.25,4.67,1.75,3.4,2.8,4.13,2.44,1.2,5,3.17,3.5,3.67,4.67,4.25,4.75,1.5,1.75
301,9,2,3,2,3,4,3,2,3,3.2,3.33,3,2,3.5,2,4,301,301,57,1,3.4,4.4,2.4,4.2,4.25,4.67,1.75,3.4,2.8,4.13,2.44,1.2,5,3.17,3.5,3.67,4.67,4.25,4.75,1.5,1.75
301,10,3,3,3,3,3,1,1,1,1.8,1.33,2.5,1.17,2,2,4,301,301,57,1,3.4,4.4,2.4,4.2,4.25,4.67,1.75,3.4,2.8,4.13,2.44,1.2,5,3.17,3.5,3.67,4.67,4.25,4.75,1.5,1.75
305,1,2,1,3,3,4,3,3,1,3.25,-99,3,2.83,3,2,5,305,305,31,1,5,4.4,1,4.6,3,4.22,1,2.6,4,6.13,1.67,1.6,4,3.5,3.83,3.5,3.5,6.5,6,1,2.25
305,2,3,5,1,5,5,1,1,1,3,3.33,2.5,1.67,4.5,1.5,5,305,305,31,1,5,4.4,1,4.6,3,4.22,1,2.6,4,6.13,1.67,1.6,4,3.5,3.83,3.5,3.5,6.5,6,1,2.25
305,3,3,5,1,4,5,1,1,1,2.4,2.67,2,1.67,3.5,2,5,305,305,31,1,5,4.4,1,4.6,3,4.22,1,2.6,4,6.13,1.67,1.6,4,3.5,3.83,3.5,3.5,6.5,6,1,2.25
305,4,1,3,1,5,3,4,3,1,3.2,3,3.5,2.67,3.5,2,4.33,305,305,31,1,5,4.4,1,4.6,3,4.22,1,2.6,4,6.13,1.67,1.6,4,3.5,3.83,3.5,3.5,6.5,6,1,2.25
305,5,3,5,1,5,5,1,3,1,2.4,2.67,2,2,4.5,2,5,305,305,31,1,5,4.4,1,4.6,3,4.22,1,2.6,4,6.13,1.67,1.6,4,3.5,3.83,3.5,3.5,6.5,6,1,2.25
305,6,3,5,1,2,3,4,4,1,3,3,3,2.17,4.5,1.5,4.33,305,305,31,1,5,4.4,1,4.6,3,4.22,1,2.6,4,6.13,1.67,1.6,4,3.5,3.83,3.5,3.5,6.5,6,1,2.25
305,7,3,5,1,2,5,2,1,1,2.4,2.33,2.5,2.33,4,2,5,305,305,31,1,5,4.4,1,4.6,3,4.22,1,2.6,4,6.13,1.67,1.6,4,3.5,3.83,3.5,3.5,6.5,6,1,2.25
305,8,1,4,2,4,5,3,2,1,3.4,3.33,3.5,2,4.5,1.5,5,305,305,31,1,5,4.4,1,4.6,3,4.22,1,2.6,4,6.13,1.67,1.6,4,3.5,3.83,3.5,3.5,6.5,6,1,2.25
305,9,3,5,3,5,5,1,1,1,2.8,2.33,3.5,1.67,5,1,5,305,305,31,1,5,4.4,1,4.6,3,4.22,1,2.6,4,6.13,1.67,1.6,4,3.5,3.83,3.5,3.5,6.5,6,1,2.25
305,10,3,4,1,2,4,2,2,1,3.2,3,3.5,1.83,4,1.5,4.33,305,305,31,1,5,4.4,1,4.6,3,4.22,1,2.6,4,6.13,1.67,1.6,4,3.5,3.83,3.5,3.5,6.5,6,1,2.25
306,1,4,4,1,2,5,1,1,1,3.8,3.67,4,2.5,4.5,2.5,5,306,306,23,2,3.8,4.2,1.6,4.4,4,5,1.13,4,2.45,4.75,3.22,1.6,4.5,5,4.33,5.17,4.5,5,4.38,2,2.75
306,2,5,4,1,4,5,2,2,3,3.4,3.33,3.5,2.5,4,3.5,5,306,306,23,2,3.8,4.2,1.6,4.4,4,5,1.13,4,2.45,4.75,3.22,1.6,4.5,5,4.33,5.17,4.5,5,4.38,2,2.75
306,3,4,4,1,4,4,2,2,1,3.4,3,4,2,3.5,2,5,306,306,23,2,3.8,4.2,1.6,4.4,4,5,1.13,4,2.45,4.75,3.22,1.6,4.5,5,4.33,5.17,4.5,5,4.38,2,2.75
306,4,3,5,1,4,5,3,2,1,3.2,3,3.5,1.67,3,3,4.67,306,306,23,2,3.8,4.2,1.6,4.4,4,5,1.13,4,2.45,4.75,3.22,1.6,4.5,5,4.33,5.17,4.5,5,4.38,2,2.75
306,5,3,5,1,4,5,2,2,2,3.2,3,3.5,2,3.5,2.5,5,306,306,23,2,3.8,4.2,1.6,4.4,4,5,1.13,4,2.45,4.75,3.22,1.6,4.5,5,4.33,5.17,4.5,5,4.38,2,2.75
306,6,5,5,1,4,5,1,1,2,3.6,3.33,4,2,4,2.5,5,306,306,23,2,3.8,4.2,1.6,4.4,4,5,1.13,4,2.45,4.75,3.22,1.6,4.5,5,4.33,5.17,4.5,5,4.38,2,2.75
306,7,5,5,1,4,5,1,1,1,3.2,3,3.5,2.33,3,1,5,306,306,23,2,3.8,4.2,1.6,4.4,4,5,1.13,4,2.45,4.75,3.22,1.6,4.5,5,4.33,5.17,4.5,5,4.38,2,2.75
306,8,4,4,1,4,4,3,2,2,3.4,3.33,3.5,3.5,3.5,1.5,5,306,306,23,2,3.8,4.2,1.6,4.4,4,5,1.13,4,2.45,4.75,3.22,1.6,4.5,5,4.33,5.17,4.5,5,4.38,2,2.75
306,9,4,5,1,4,5,1,1,1,3.6,3.67,3.5,1.83,3,1.5,5,306,306,23,2,3.8,4.2,1.6,4.4,4,5,1.13,4,2.45,4.75,3.22,1.6,4.5,5,4.33,5.17,4.5,5,4.38,2,2.75
306,10,3,3,1,4,4,2,3,3,3.6,3.33,4,2.67,3,1.5,4.67,306,306,23,2,3.8,4.2,1.6,4.4,4,5,1.13,4,2.45,4.75,3.22,1.6,4.5,5,4.33,5.17,4.5,5,4.38,2,2.75
307,1,3,5,1,2,3,2,1,1,1.6,1.67,1.5,2.33,3.5,1.5,4,307,307,20,1,2.6,3,2,3,3.75,4.44,1.25,4,3.45,5.88,2.56,1.8,5.33,3.67,4.67,5.83,4.17,4,4.5,1.5,2.5
307,2,3,2,3,2,2,1,2,1,1.4,1.33,1.5,3.5,2,3,3.67,307,307,20,1,2.6,3,2,3,3.75,4.44,1.25,4,3.45,5.88,2.56,1.8,5.33,3.67,4.67,5.83,4.17,4,4.5,1.5,2.5
307,3,2,5,1,3,5,1,2,1,1.6,1.33,2,1.83,2.5,2,4,307,307,20,1,2.6,3,2,3,3.75,4.44,1.25,4,3.45,5.88,2.56,1.8,5.33,3.67,4.67,5.83,4.17,4,4.5,1.5,2.5
307,4,3,5,2,5,4,2,1,1,2,1,3.5,1,2,1,3.67,307,307,20,1,2.6,3,2,3,3.75,4.44,1.25,4,3.45,5.88,2.56,1.8,5.33,3.67,4.67,5.83,4.17,4,4.5,1.5,2.5
307,5,4,1,3,1,1,3,3,1,1.4,1.67,1,2.17,1,2,3.33,307,307,20,1,2.6,3,2,3,3.75,4.44,1.25,4,3.45,5.88,2.56,1.8,5.33,3.67,4.67,5.83,4.17,4,4.5,1.5,2.5
307,6,4,4,2,4,4,3,1,1,1,1,1,1,2.5,1,4,307,307,20,1,2.6,3,2,3,3.75,4.44,1.25,4,3.45,5.88,2.56,1.8,5.33,3.67,4.67,5.83,4.17,4,4.5,1.5,2.5
308,1,2,3,1,4,3,1,1,2,2,1.67,2.5,1.5,2,1.5,5,308,308,25,1,5,3.6,2,4.4,3.75,4.56,1.13,3.8,3.1,4.75,1.78,1.2,4.83,3.67,3.67,4.83,4.33,5.25,5.13,1.5,2.75
308,2,2,3,2,3,2,2,2,2,3,2.67,3.5,2.83,2,1.5,4.33,308,308,25,1,5,3.6,2,4.4,3.75,4.56,1.13,3.8,3.1,4.75,1.78,1.2,4.83,3.67,3.67,4.83,4.33,5.25,5.13,1.5,2.75
308,3,1,5,1,4,4,1,1,2,3,2.67,3.5,1.83,4,1.5,5,308,308,25,1,5,3.6,2,4.4,3.75,4.56,1.13,3.8,3.1,4.75,1.78,1.2,4.83,3.67,3.67,4.83,4.33,5.25,5.13,1.5,2.75
308,4,3,4,1,4,3,1,1,2,2.8,2.67,3,2.17,3,1.5,4.67,308,308,25,1,5,3.6,2,4.4,3.75,4.56,1.13,3.8,3.1,4.75,1.78,1.2,4.83,3.67,3.67,4.83,4.33,5.25,5.13,1.5,2.75
308,5,4,2,1,2,2,3,1,3,3,2.67,3.5,3.17,2.5,2,4.33,308,308,25,1,5,3.6,2,4.4,3.75,4.56,1.13,3.8,3.1,4.75,1.78,1.2,4.83,3.67,3.67,4.83,4.33,5.25,5.13,1.5,2.75
308,6,3,4,1,4,4,1,1,1,2.8,2.67,3,1.33,3.5,1,5,308,308,25,1,5,3.6,2,4.4,3.75,4.56,1.13,3.8,3.1,4.75,1.78,1.2,4.83,3.67,3.67,4.83,4.33,5.25,5.13,1.5,2.75
308,7,2,3,1,4,4,1,1,1,3,2.67,3.5,2.17,3,2,4,308,308,25,1,5,3.6,2,4.4,3.75,4.56,1.13,3.8,3.1,4.75,1.78,1.2,4.83,3.67,3.67,4.83,4.33,5.25,5.13,1.5,2.75
308,8,3,3,1,3,3,3,2,1,2.8,2.33,3.5,2.5,3.5,1.5,3.67,308,308,25,1,5,3.6,2,4.4,3.75,4.56,1.13,3.8,3.1,4.75,1.78,1.2,4.83,3.67,3.67,4.83,4.33,5.25,5.13,1.5,2.75
308,9,4,3,1,3,3,2,1,4,3,2.67,3.5,2.67,3,2,4.33,308,308,25,1,5,3.6,2,4.4,3.75,4.56,1.13,3.8,3.1,4.75,1.78,1.2,4.83,3.67,3.67,4.83,4.33,5.25,5.13,1.5,2.75
308,10,3,2,4,3,3,4,3,3,3,2.67,3.5,3,3,2,4.33,308,308,25,1,5,3.6,2,4.4,3.75,4.56,1.13,3.8,3.1,4.75,1.78,1.2,4.83,3.67,3.67,4.83,4.33,5.25,5.13,1.5,2.75
310,1,5,3,1,4,3,2,2,1,2.2,1.33,3.5,1.83,2,2,5,310,310,20,1,3,4.2,1.4,2.4,2.75,4.44,1.13,3,4.75,5.88,1.33,1.2,5.5,4.83,5,4,5.67,3.63,5.57,2.5,1
310,2,2,5,2,5,5,3,1,2,2.2,1,4,1.5,3.5,1.5,-99,310,310,20,1,3,4.2,1.4,2.4,2.75,4.44,1.13,3,4.75,5.88,1.33,1.2,5.5,4.83,5,4,5.67,3.63,5.57,2.5,1
310,3,3,1,2,1,1,5,1,2,1.2,1,1.5,2.5,3.5,2,1,310,310,20,1,3,4.2,1.4,2.4,2.75,4.44,1.13,3,4.75,5.88,1.33,1.2,5.5,4.83,5,4,5.67,3.63,5.57,2.5,1
310,4,3,3,4,4,3,4,2,4,2,1,3.5,2,2.5,1,4,310,310,20,1,3,4.2,1.4,2.4,2.75,4.44,1.13,3,4.75,5.88,1.33,1.2,5.5,4.83,5,4,5.67,3.63,5.57,2.5,1
310,5,5,2,2,5,4,5,4,3,2,1.33,3,2.33,3,2,3,310,310,20,1,3,4.2,1.4,2.4,2.75,4.44,1.13,3,4.75,5.88,1.33,1.2,5.5,4.83,5,4,5.67,3.63,5.57,2.5,1
310,6,3,5,1,4,5,1,1,2,1.8,1,3,1,4.5,1,5,310,310,20,1,3,4.2,1.4,2.4,2.75,4.44,1.13,3,4.75,5.88,1.33,1.2,5.5,4.83,5,4,5.67,3.63,5.57,2.5,1
310,7,3,3,4,1,3,4,3,2,2,2.33,1.5,2.67,2,2.5,4,310,310,20,1,3,4.2,1.4,2.4,2.75,4.44,1.13,3,4.75,5.88,1.33,1.2,5.5,4.83,5,4,5.67,3.63,5.57,2.5,1
310,8,4,1,4,4,2,5,4,3,1.6,1.33,2,2.5,2,2.5,3,310,310,20,1,3,4.2,1.4,2.4,2.75,4.44,1.13,3,4.75,5.88,1.33,1.2,5.5,4.83,5,4,5.67,3.63,5.57,2.5,1
310,9,5,3,4,3,3,2,2,4,2,1,3.5,1.83,2.5,2,4,310,310,20,1,3,4.2,1.4,2.4,2.75,4.44,1.13,3,4.75,5.88,1.33,1.2,5.5,4.83,5,4,5.67,3.63,5.57,2.5,1
310,10,3,5,1,4,5,1,1,2,1.6,1,2.5,1.17,5,1,3.67,310,310,20,1,3,4.2,1.4,2.4,2.75,4.44,1.13,3,4.75,5.88,1.33,1.2,5.5,4.83,5,4,5.67,3.63,5.57,2.5,1
316,1,3,5,1,4,5,1,1,1,1,1,1,1,4.5,1,5,316,316,29,2,2.8,3.4,2,2.2,3.5,4.44,1.13,2,4.4,5.5,1.11,1,4.5,3.83,5.5,4.33,4.33,5.63,5.38,1.5,3.75
316,2,3,4,1,4,5,1,1,2,1.2,1.33,1,1.17,2,1,1,316,316,29,2,2.8,3.4,2,2.2,3.5,4.44,1.13,2,4.4,5.5,1.11,1,4.5,3.83,5.5,4.33,4.33,5.63,5.38,1.5,3.75
316,3,2,4,2,4,5,1,1,1,1.2,1.33,1,1.33,2,1,1,316,316,29,2,2.8,3.4,2,2.2,3.5,4.44,1.13,2,4.4,5.5,1.11,1,4.5,3.83,5.5,4.33,4.33,5.63,5.38,1.5,3.75
316,4,4,5,2,5,5,1,1,1,1.6,1,2.5,1,2.5,3,5,316,316,29,2,2.8,3.4,2,2.2,3.5,4.44,1.13,2,4.4,5.5,1.11,1,4.5,3.83,5.5,4.33,4.33,5.63,5.38,1.5,3.75
316,5,3,5,1,4,5,1,1,1,1,1,1,1,3.5,1.5,5,316,316,29,2,2.8,3.4,2,2.2,3.5,4.44,1.13,2,4.4,5.5,1.11,1,4.5,3.83,5.5,4.33,4.33,5.63,5.38,1.5,3.75
316,6,4,5,2,5,5,2,1,1,1.2,1,1.5,1,2,1,3,316,316,29,2,2.8,3.4,2,2.2,3.5,4.44,1.13,2,4.4,5.5,1.11,1,4.5,3.83,5.5,4.33,4.33,5.63,5.38,1.5,3.75
316,7,3,5,1,5,1,1,1,1,1.4,1,2,1.17,1.5,1,5,316,316,29,2,2.8,3.4,2,2.2,3.5,4.44,1.13,2,4.4,5.5,1.11,1,4.5,3.83,5.5,4.33,4.33,5.63,5.38,1.5,3.75
316,8,3,5,5,5,5,1,1,1,-99,-99,-99,-99,-99,-99,-99,316,316,29,2,2.8,3.4,2,2.2,3.5,4.44,1.13,2,4.4,5.5,1.11,1,4.5,3.83,5.5,4.33,4.33,5.63,5.38,1.5,3.75
316,9,3,5,5,5,5,1,1,1,1.4,1,2,1.17,3,2.5,3,316,316,29,2,2.8,3.4,2,2.2,3.5,4.44,1.13,2,4.4,5.5,1.11,1,4.5,3.83,5.5,4.33,4.33,5.63,5.38,1.5,3.75
316,10,5,3,4,4,5,2,1,1,1,1,1,1,4.5,3,5,316,316,29,2,2.8,3.4,2,2.2,3.5,4.44,1.13,2,4.4,5.5,1.11,1,4.5,3.83,5.5,4.33,4.33,5.63,5.38,1.5,3.75
323,1,4,4,2,2,4,2,2,2,2.6,2.67,2.5,3.17,3.5,2,4.67,323,323,21,2,3.2,3.8,2.2,2.6,3.25,4,1.5,4.2,3.9,4.75,2.11,5.6,4.33,4.83,4.17,4.17,3.5,5.88,5.25,3,2.25
323,2,5,4,4,3,1,2,2,2,3.2,3,3.5,4.67,4.5,1.5,5,323,323,21,2,3.2,3.8,2.2,2.6,3.25,4,1.5,4.2,3.9,4.75,2.11,5.6,4.33,4.83,4.17,4.17,3.5,5.88,5.25,3,2.25
323,3,5,3,2,2,3,4,3,2,2.2,1.67,3,3.83,3,2.5,4,323,323,21,2,3.2,3.8,2.2,2.6,3.25,4,1.5,4.2,3.9,4.75,2.11,5.6,4.33,4.83,4.17,4.17,3.5,5.88,5.25,3,2.25
323,4,5,2,2,3,3,4,4,2,3,2.67,3.5,4.33,3,2,5,323,323,21,2,3.2,3.8,2.2,2.6,3.25,4,1.5,4.2,3.9,4.75,2.11,5.6,4.33,4.83,4.17,4.17,3.5,5.88,5.25,3,2.25
323,5,5,5,3,3,1,2,2,2,1.6,1.33,2,1.83,3,1.5,5,323,323,21,2,3.2,3.8,2.2,2.6,3.25,4,1.5,4.2,3.9,4.75,2.11,5.6,4.33,4.83,4.17,4.17,3.5,5.88,5.25,3,2.25
323,6,5,1,2,2,3,5,4,2,2.2,2,2.5,4.5,2,2,4,323,323,21,2,3.2,3.8,2.2,2.6,3.25,4,1.5,4.2,3.9,4.75,2.11,5.6,4.33,4.83,4.17,4.17,3.5,5.88,5.25,3,2.25
323,7,5,4,2,4,4,2,2,2,1.2,1.33,1,2,4,2,5,323,323,21,2,3.2,3.8,2.2,2.6,3.25,4,1.5,4.2,3.9,4.75,2.11,5.6,4.33,4.83,4.17,4.17,3.5,5.88,5.25,3,2.25
323,8,4,2,5,2,2,5,4,2,2.2,2,2.5,3.83,2.5,2.5,3.33,323,323,21,2,3.2,3.8,2.2,2.6,3.25,4,1.5,4.2,3.9,4.75,2.11,5.6,4.33,4.83,4.17,4.17,3.5,5.88,5.25,3,2.25
323,9,3,2,3,2,3,4,4,2,1.8,1.67,2,4,3,2,3,323,323,21,2,3.2,3.8,2.2,2.6,3.25,4,1.5,4.2,3.9,4.75,2.11,5.6,4.33,4.83,4.17,4.17,3.5,5.88,5.25,3,2.25
323,10,5,4,2,4,5,1,1,2,2,1.67,2.5,2.17,3.5,1.5,4,323,323,21,2,3.2,3.8,2.2,2.6,3.25,4,1.5,4.2,3.9,4.75,2.11,5.6,4.33,4.83,4.17,4.17,3.5,5.88,5.25,3,2.25
326,1,5,4,1,1,1,1,1,1,3,3,3,1.5,2.5,1.5,4.67,326,326,27,2,3.4,3.4,1.4,1.4,3.5,3.44,1.38,2.2,4.9,6.25,1.67,1,4.83,5,5,5,5.67,6.13,4.5,1,2.25
326,2,3,5,1,2,1,1,1,1,3.2,2.67,4,1.17,3.5,1,4.67,326,326,27,2,3.4,3.4,1.4,1.4,3.5,3.44,1.38,2.2,4.9,6.25,1.67,1,4.83,5,5,5,5.67,6.13,4.5,1,2.25
326,3,5,4,1,1,1,1,1,1,3,2.33,4,1.33,3.5,1,5,326,326,27,2,3.4,3.4,1.4,1.4,3.5,3.44,1.38,2.2,4.9,6.25,1.67,1,4.83,5,5,5,5.67,6.13,4.5,1,2.25
326,4,5,5,1,1,5,1,1,3,2.4,1.67,3.5,1.33,2.5,1,5,326,326,27,2,3.4,3.4,1.4,1.4,3.5,3.44,1.38,2.2,4.9,6.25,1.67,1,4.83,5,5,5,5.67,6.13,4.5,1,2.25
326,5,2,3,1,1,2,1,1,2,1.6,1,2.5,1.17,2.5,1,4.33,326,326,27,2,3.4,3.4,1.4,1.4,3.5,3.44,1.38,2.2,4.9,6.25,1.67,1,4.83,5,5,5,5.67,6.13,4.5,1,2.25
326,6,4,3,1,1,4,1,1,2,2,1.33,3,1.5,2,-99,4,326,326,27,2,3.4,3.4,1.4,1.4,3.5,3.44,1.38,2.2,4.9,6.25,1.67,1,4.83,5,5,5,5.67,6.13,4.5,1,2.25
326,7,4,1,1,1,5,1,1,3,2.6,1.67,4,1,3,1,4.67,326,326,27,2,3.4,3.4,1.4,1.4,3.5,3.44,1.38,2.2,4.9,6.25,1.67,1,4.83,5,5,5,5.67,6.13,4.5,1,2.25
326,8,5,1,1,1,4,1,1,3,2.4,1.67,3.5,1.17,3.5,1,5,326,326,27,2,3.4,3.4,1.4,1.4,3.5,3.44,1.38,2.2,4.9,6.25,1.67,1,4.83,5,5,5,5.67,6.13,4.5,1,2.25
326,9,4,5,1,1,4,1,1,3,2.2,1.33,3.5,1.17,2.5,1,4.67,326,326,27,2,3.4,3.4,1.4,1.4,3.5,3.44,1.38,2.2,4.9,6.25,1.67,1,4.83,5,5,5,5.67,6.13,4.5,1,2.25
326,10,4,4,1,1,4,1,1,3,2,1.33,3,1,3.5,1,4,326,326,27,2,3.4,3.4,1.4,1.4,3.5,3.44,1.38,2.2,4.9,6.25,1.67,1,4.83,5,5,5,5.67,6.13,4.5,1,2.25
326,11,5,5,1,2,5,1,1,1,2.8,2,4,1.5,3.5,1,5,326,326,27,2,3.4,3.4,1.4,1.4,3.5,3.44,1.38,2.2,4.9,6.25,1.67,1,4.83,5,5,5,5.67,6.13,4.5,1,2.25
330,1,4,3,2,3,4,4,4,1,3.2,2.67,4,2.83,2.5,3.5,4,330,330,32,2,2.6,2.8,2,1,1.75,4.33,1.75,3.4,4.35,3.88,2.56,2.2,4.83,4.67,5,4.5,5,3.25,1.5,3.5,2
330,2,5,1,4,3,4,3,3,2,3,3.33,2.5,3.83,3,4,3.33,330,330,32,2,2.6,2.8,2,1,1.75,4.33,1.75,3.4,4.35,3.88,2.56,2.2,4.83,4.67,5,4.5,5,3.25,1.5,3.5,2
330,3,4,5,2,3,4,1,2,2,3.4,2.67,4.5,2.33,4,-99,4,330,330,32,2,2.6,2.8,2,1,1.75,4.33,1.75,3.4,4.35,3.88,2.56,2.2,4.83,4.67,5,4.5,5,3.25,1.5,3.5,2
330,4,3,4,3,4,3,4,3,3,3.2,3,3.5,3.33,3,3.5,4,330,330,32,2,2.6,2.8,2,1,1.75,4.33,1.75,3.4,4.35,3.88,2.56,2.2,4.83,4.67,5,4.5,5,3.25,1.5,3.5,2
330,5,3,2,3,3,2,3,2,3,2.6,2.67,2.5,2.33,2.5,2.5,3,330,330,32,2,2.6,2.8,2,1,1.75,4.33,1.75,3.4,4.35,3.88,2.56,2.2,4.83,4.67,5,4.5,5,3.25,1.5,3.5,2
330,6,3,3,2,3,2,2,2,3,3.25,3.33,-99,3,3,3.5,3,330,330,32,2,2.6,2.8,2,1,1.75,4.33,1.75,3.4,4.35,3.88,2.56,2.2,4.83,4.67,5,4.5,5,3.25,1.5,3.5,2
330,7,3,2,2,2,2,2,2,1,1.6,1.33,2,1.83,1.5,2,1.67,330,330,32,2,2.6,2.8,2,1,1.75,4.33,1.75,3.4,4.35,3.88,2.56,2.2,4.83,4.67,5,4.5,5,3.25,1.5,3.5,2
330,8,1,2,2,2,2,1,2,2,2.2,2.33,2,2.17,1.5,2,1.33,330,330,32,2,2.6,2.8,2,1,1.75,4.33,1.75,3.4,4.35,3.88,2.56,2.2,4.83,4.67,5,4.5,5,3.25,1.5,3.5,2
330,9,2,3,2,2,2,3,2,2,3,3,3,2.67,3,3.5,3.33,330,330,32,2,2.6,2.8,2,1,1.75,4.33,1.75,3.4,4.35,3.88,2.56,2.2,4.83,4.67,5,4.5,5,3.25,1.5,3.5,2
330,10,3,3,4,3,3,3,3,3,3.4,3.33,3.5,3.33,3.5,3.5,4,330,330,32,2,2.6,2.8,2,1,1.75,4.33,1.75,3.4,4.35,3.88,2.56,2.2,4.83,4.67,5,4.5,5,3.25,1.5,3.5,2
331,1,5,5,1,3,3,1,1,1,1.4,1,2,1.33,4,1,4.33,331,331,33,1,3.2,3.6,2.2,2.4,2,4.44,1.38,4.2,4.1,4.25,2.11,2.4,5.17,4.83,5.5,4.5,4.83,3.88,3,2.5,1.25
331,2,3,2,4,3,2,5,4,1,1.6,1.33,2,4,1.5,1,4,331,331,33,1,3.2,3.6,2.2,2.4,2,4.44,1.38,4.2,4.1,4.25,2.11,2.4,5.17,4.83,5.5,4.5,4.83,3.88,3,2.5,1.25
331,3,4,2,4,4,3,5,5,1,1.6,1.33,2,3.67,1,1,4,331,331,33,1,3.2,3.6,2.2,2.4,2,4.44,1.38,4.2,4.1,4.25,2.11,2.4,5.17,4.83,5.5,4.5,4.83,3.88,3,2.5,1.25
331,4,3,2,2,2,4,4,3,4,1.4,1,2,3.5,1,1,4,331,331,33,1,3.2,3.6,2.2,2.4,2,4.44,1.38,4.2,4.1,4.25,2.11,2.4,5.17,4.83,5.5,4.5,4.83,3.88,3,2.5,1.25
331,5,4,1,4,3,4,5,5,1,1.6,1.33,2,3.67,1,1,4.33,331,331,33,1,3.2,3.6,2.2,2.4,2,4.44,1.38,4.2,4.1,4.25,2.11,2.4,5.17,4.83,5.5,4.5,4.83,3.88,3,2.5,1.25
331,6,3,1,4,5,4,5,5,1,1.2,1,1.5,4.33,1,2,4,331,331,33,1,3.2,3.6,2.2,2.4,2,4.44,1.38,4.2,4.1,4.25,2.11,2.4,5.17,4.83,5.5,4.5,4.83,3.88,3,2.5,1.25
331,7,5,3,2,5,5,5,5,1,1.6,1,2.5,3.33,3,1,4.67,331,331,33,1,3.2,3.6,2.2,2.4,2,4.44,1.38,4.2,4.1,4.25,2.11,2.4,5.17,4.83,5.5,4.5,4.83,3.88,3,2.5,1.25
331,8,4,2,4,4,4,5,5,1,2,1.33,3,4,1,2,4,331,331,33,1,3.2,3.6,2.2,2.4,2,4.44,1.38,4.2,4.1,4.25,2.11,2.4,5.17,4.83,5.5,4.5,4.83,3.88,3,2.5,1.25
332,1,4,1,2,1,3,2,2,1,1.2,1,1.5,3.5,2.5,1,4.5,332,332,24,2,3.4,2.6,1.8,2.8,4.75,3.11,1.25,2.8,4.2,5.38,2.44,4.8,3.67,4.67,3.83,4,4.5,3.63,5.25,2,2
332,2,3,2,4,4,3,4,2,3,2,1.67,2.5,3,1.5,1.5,4.5,332,332,24,2,3.4,2.6,1.8,2.8,4.75,3.11,1.25,2.8,4.2,5.38,2.44,4.8,3.67,4.67,3.83,4,4.5,3.63,5.25,2,2
332,3,2,1,1,5,2,5,4,1,1.8,1.33,2.5,2.33,2.5,1,4,332,332,24,2,3.4,2.6,1.8,2.8,4.75,3.11,1.25,2.8,4.2,5.38,2.44,4.8,3.67,4.67,3.83,4,4.5,3.63,5.25,2,2
332,4,4,2,1,4,3,3,2,1,1.6,1.33,2,2,1.5,2,4,332,332,24,2,3.4,2.6,1.8,2.8,4.75,3.11,1.25,2.8,4.2,5.38,2.44,4.8,3.67,4.67,3.83,4,4.5,3.63,5.25,2,2
332,5,3,2,1,1,3,4,2,1,1.6,1,2.5,2.33,1.5,2,3,332,332,24,2,3.4,2.6,1.8,2.8,4.75,3.11,1.25,2.8,4.2,5.38,2.44,4.8,3.67,4.67,3.83,4,4.5,3.63,5.25,2,2
333,1,-99,3,2,1,2,1,3,1,2.6,1.67,4,4.17,4,1.5,4.67,333,333,25,2,3.2,1.6,1.4,2,1.25,2.78,1.75,4.4,3.55,4.25,2.56,2.4,2.67,4.5,3.5,5.17,5,2.38,4.63,2,2.5
333,2,5,3,3,3,4,2,4,2,2.6,2,3.5,3.5,3.5,1.5,5,333,333,25,2,3.2,1.6,1.4,2,1.25,2.78,1.75,4.4,3.55,4.25,2.56,2.4,2.67,4.5,3.5,5.17,5,2.38,4.63,2,2.5
333,3,4,3,2,3,3,3,3,2,2.2,1,4,3,3,2,4,333,333,25,2,3.2,1.6,1.4,2,1.25,2.78,1.75,4.4,3.55,4.25,2.56,2.4,2.67,4.5,3.5,5.17,5,2.38,4.63,2,2.5
333,4,2,2,3,1,3,3,3,1,2.6,2,3.5,3.17,3,3,4.33,333,333,25,2,3.2,1.6,1.4,2,1.25,2.78,1.75,4.4,3.55,4.25,2.56,2.4,2.67,4.5,3.5,5.17,5,2.38,4.63,2,2.5
333,5,5,4,1,2,5,2,2,1,2.4,1,4.5,1.67,4.5,1,5,333,333,25,2,3.2,1.6,1.4,2,1.25,2.78,1.75,4.4,3.55,4.25,2.56,2.4,2.67,4.5,3.5,5.17,5,2.38,4.63,2,2.5
334,1,2,1,5,2,2,4,4,1,3,3,3,3.67,2,3.5,2,334,334,27,2,3.2,2.2,1.6,3.6,3.25,3.78,1.88,3.4,4.05,6,1.89,3.6,4,4,3.67,3.83,5,4.75,4.38,1.5,3.5
334,2,5,4,1,4,4,3,1,2,3.6,3,4.5,3.17,3.5,2,4.33,334,334,27,2,3.2,2.2,1.6,3.6,3.25,3.78,1.88,3.4,4.05,6,1.89,3.6,4,4,3.67,3.83,5,4.75,4.38,1.5,3.5
334,3,4,5,1,3,5,2,2,3,3.2,2.33,4.5,1.5,4.5,1,4.67,334,334,27,2,3.2,2.2,1.6,3.6,3.25,3.78,1.88,3.4,4.05,6,1.89,3.6,4,4,3.67,3.83,5,4.75,4.38,1.5,3.5
334,4,3,3,2,4,4,2,2,4,2.6,2.67,2.5,1.67,4,2,3.67,334,334,27,2,3.2,2.2,1.6,3.6,3.25,3.78,1.88,3.4,4.05,6,1.89,3.6,4,4,3.67,3.83,5,4.75,4.38,1.5,3.5
334,5,4,2,4,2,2,4,3,4,2.4,2.67,2,4.33,1,3,2.33,334,334,27,2,3.2,2.2,1.6,3.6,3.25,3.78,1.88,3.4,4.05,6,1.89,3.6,4,4,3.67,3.83,5,4.75,4.38,1.5,3.5
334,6,3,4,2,4,4,3,4,3,2.2,1.67,3,3.67,1,2,3.67,334,334,27,2,3.2,2.2,1.6,3.6,3.25,3.78,1.88,3.4,4.05,6,1.89,3.6,4,4,3.67,3.83,5,4.75,4.38,1.5,3.5
334,7,4,3,4,2,2,4,4,5,1.8,2,1.5,3.67,1,3.5,2.67,334,334,27,2,3.2,2.2,1.6,3.6,3.25,3.78,1.88,3.4,4.05,6,1.89,3.6,4,4,3.67,3.83,5,4.75,4.38,1.5,3.5
334,8,4,2,3,2,2,4,5,3,1.6,1.33,2,3.33,1.5,4.5,2.33,334,334,27,2,3.2,2.2,1.6,3.6,3.25,3.78,1.88,3.4,4.05,6,1.89,3.6,4,4,3.67,3.83,5,4.75,4.38,1.5,3.5
334,9,4,2,3,2,4,3,2,5,2.6,2.33,3,3.83,1.5,2,4.33,334,334,27,2,3.2,2.2,1.6,3.6,3.25,3.78,1.88,3.4,4.05,6,1.89,3.6,4,4,3.67,3.83,5,4.75,4.38,1.5,3.5
334,10,5,3,2,4,4,2,1,2,2.8,2,4,3.17,2.5,1,5,334,334,27,2,3.2,2.2,1.6,3.6,3.25,3.78,1.88,3.4,4.05,6,1.89,3.6,4,4,3.67,3.83,5,4.75,4.38,1.5,3.5
402,1,4,4,1,1,4,1,1,4,1.2,1,1.5,1,3,1,5,402,402,39,1,4.4,3,1.4,3.8,3.25,3.33,1,2.6,3.45,5.13,2,1.6,4.83,4.67,4.33,4.67,5.33,4.5,4.63,2,3
402,2,5,3,5,1,3,1,1,4,2.6,2.33,3,2.83,2,2.5,3,402,402,39,1,4.4,3,1.4,3.8,3.25,3.33,1,2.6,3.45,5.13,2,1.6,4.83,4.67,4.33,4.67,5.33,4.5,4.63,2,3
402,3,5,4,1,2,1,1,1,5,2.2,1,4,1,3,1,4,402,402,39,1,4.4,3,1.4,3.8,3.25,3.33,1,2.6,3.45,5.13,2,1.6,4.83,4.67,4.33,4.67,5.33,4.5,4.63,2,3
402,4,3,3,1,1,4,1,1,5,1.8,1,3,1.17,3.5,1,4,402,402,39,1,4.4,3,1.4,3.8,3.25,3.33,1,2.6,3.45,5.13,2,1.6,4.83,4.67,4.33,4.67,5.33,4.5,4.63,2,3
402,5,4,3,3,1,5,1,1,5,1.6,1,2.5,1.5,3,1,4.33,402,402,39,1,4.4,3,1.4,3.8,3.25,3.33,1,2.6,3.45,5.13,2,1.6,4.83,4.67,4.33,4.67,5.33,4.5,4.63,2,3
402,6,3,2,1,1,2,1,1,4,1.6,1.33,2,1,3.5,1,4.33,402,402,39,1,4.4,3,1.4,3.8,3.25,3.33,1,2.6,3.45,5.13,2,1.6,4.83,4.67,4.33,4.67,5.33,4.5,4.63,2,3
402,7,3,4,1,2,4,1,1,5,1.4,1.33,1.5,1.17,2.5,1,4,402,402,39,1,4.4,3,1.4,3.8,3.25,3.33,1,2.6,3.45,5.13,2,1.6,4.83,4.67,4.33,4.67,5.33,4.5,4.63,2,3
402,8,3,3,1,1,3,1,1,5,1.8,2,1.5,1.67,2.5,1,4,402,402,39,1,4.4,3,1.4,3.8,3.25,3.33,1,2.6,3.45,5.13,2,1.6,4.83,4.67,4.33,4.67,5.33,4.5,4.63,2,3
402,9,3,4,1,1,4,1,1,3,1.6,1.67,1.5,1.17,4,1,4.33,402,402,39,1,4.4,3,1.4,3.8,3.25,3.33,1,2.6,3.45,5.13,2,1.6,4.83,4.67,4.33,4.67,5.33,4.5,4.63,2,3
402,10,3,4,1,2,2,1,1,5,1.2,1,1.5,1,4,1,4,402,402,39,1,4.4,3,1.4,3.8,3.25,3.33,1,2.6,3.45,5.13,2,1.6,4.83,4.67,4.33,4.67,5.33,4.5,4.63,2,3
407,1,3,2,2,5,2,3,1,1,1.6,1.67,1.5,2,1.5,2.5,4,407,407,52,1,2,4.2,3.8,3.5,4.25,4.56,2.38,3,2.25,4,4.44,4.2,4.33,4.33,4.2,3.5,4.5,3.25,7,4,3
407,2,4,3,4,4,4,5,5,5,2.6,2.67,2.5,3,3,3,4,407,407,52,1,2,4.2,3.8,3.5,4.25,4.56,2.38,3,2.25,4,4.44,4.2,4.33,4.33,4.2,3.5,4.5,3.25,7,4,3
407,3,4,3,3,4,4,5,4,5,2.6,2.67,2.5,3.33,3.5,3.5,4,407,407,52,1,2,4.2,3.8,3.5,4.25,4.56,2.38,3,2.25,4,4.44,4.2,4.33,4.33,4.2,3.5,4.5,3.25,7,4,3
407,4,4,4,2,1,3,5,2,4,2.2,1.33,3.5,3.17,3.5,3,3.33,407,407,52,1,2,4.2,3.8,3.5,4.25,4.56,2.38,3,2.25,4,4.44,4.2,4.33,4.33,4.2,3.5,4.5,3.25,7,4,3
407,5,5,2,3,4,2,5,2,5,1.6,1.33,2,2.33,2.5,-99,3.33,407,407,52,1,2,4.2,3.8,3.5,4.25,4.56,2.38,3,2.25,4,4.44,4.2,4.33,4.33,4.2,3.5,4.5,3.25,7,4,3
407,6,5,2,4,4,3,4,3,4,1.8,1.33,2.5,2.33,2.5,3.5,4.67,407,407,52,1,2,4.2,3.8,3.5,4.25,4.56,2.38,3,2.25,4,4.44,4.2,4.33,4.33,4.2,3.5,4.5,3.25,7,4,3
407,7,4,1,1,1,2,4,1,5,2,2,2,3.33,4,2.5,4,407,407,52,1,2,4.2,3.8,3.5,4.25,4.56,2.38,3,2.25,4,4.44,4.2,4.33,4.33,4.2,3.5,4.5,3.25,7,4,3
412,1,4,3,4,2,3,4,4,4,2.8,2,4,2.4,3,3.5,3.5,412,412,48,1,3.6,2.8,2.6,3.8,3.25,3.78,1.88,3,3.25,5.25,1.78,1.6,5,3.5,3.83,3.5,4.83,5.88,6.13,1.5,3
412,2,5,3,2,3,3,3,3,4,1.8,1.67,2,2,3.5,1,5,412,412,48,1,3.6,2.8,2.6,3.8,3.25,3.78,1.88,3,3.25,5.25,1.78,1.6,5,3.5,3.83,3.5,4.83,5.88,6.13,1.5,3
412,3,4,2,4,3,4,5,4,5,2,1.67,2.5,2,3.5,2.5,4,412,412,48,1,3.6,2.8,2.6,3.8,3.25,3.78,1.88,3,3.25,5.25,1.78,1.6,5,3.5,3.83,3.5,4.83,5.88,6.13,1.5,3
412,4,5,2,5,3,3,3,3,3,2.2,1.67,3,2.33,3.5,2.5,4.33,412,412,48,1,3.6,2.8,2.6,3.8,3.25,3.78,1.88,3,3.25,5.25,1.78,1.6,5,3.5,3.83,3.5,4.83,5.88,6.13,1.5,3
412,5,4,3,1,3,2,1,2,3,2.2,1.67,3,1.83,3,1.5,5,412,412,48,1,3.6,2.8,2.6,3.8,3.25,3.78,1.88,3,3.25,5.25,1.78,1.6,5,3.5,3.83,3.5,4.83,5.88,6.13,1.5,3
412,6,3,3,2,2,2,5,4,5,2.4,2,3,2.83,3.5,2,4.33,412,412,48,1,3.6,2.8,2.6,3.8,3.25,3.78,1.88,3,3.25,5.25,1.78,1.6,5,3.5,3.83,3.5,4.83,5.88,6.13,1.5,3
412,7,3,3,1,3,3,1,2,4,2.6,2.33,3,2.17,3.5,2,5,412,412,48,1,3.6,2.8,2.6,3.8,3.25,3.78,1.88,3,3.25,5.25,1.78,1.6,5,3.5,3.83,3.5,4.83,5.88,6.13,1.5,3
412,8,4,3,1,3,3,3,3,3,2.6,2.33,3,2.17,3.5,2,5,412,412,48,1,3.6,2.8,2.6,3.8,3.25,3.78,1.88,3,3.25,5.25,1.78,1.6,5,3.5,3.83,3.5,4.83,5.88,6.13,1.5,3
412,9,4,3,3,2,3,4,3,3,2.8,2.33,3.5,2.83,3.5,3,4,412,412,48,1,3.6,2.8,2.6,3.8,3.25,3.78,1.88,3,3.25,5.25,1.78,1.6,5,3.5,3.83,3.5,4.83,5.88,6.13,1.5,3
412,10,3,2,4,3,2,5,4,4,2.4,2,3,2.5,3,2.5,3,412,412,48,1,3.6,2.8,2.6,3.8,3.25,3.78,1.88,3,3.25,5.25,1.78,1.6,5,3.5,3.83,3.5,4.83,5.88,6.13,1.5,3
421,1,4,2,3,4,3,4,2,4,2.4,2,3,2.33,2.5,2.5,4.33,421,421,36,1,4,3.8,2,3.6,2.75,3.22,2,4.2,4.1,4.5,2.11,2,5,3.83,4.67,4.67,4.33,5.25,4.75,2,1
421,2,3,2,4,1,3,3,3,3,1.8,2.33,1,1.83,1.5,1.5,1.67,421,421,36,1,4,3.8,2,3.6,2.75,3.22,2,4.2,4.1,4.5,2.11,2,5,3.83,4.67,4.67,4.33,5.25,4.75,2,1
421,3,3,1,5,5,1,4,3,3,1.8,1.33,2.5,1.5,1.5,3.5,3,421,421,36,1,4,3.8,2,3.6,2.75,3.22,2,4.2,4.1,4.5,2.11,2,5,3.83,4.67,4.67,4.33,5.25,4.75,2,1
421,4,3,1,5,3,1,5,4,3,2.6,2,3.5,2.33,1.5,2.5,2.67,421,421,36,1,4,3.8,2,3.6,2.75,3.22,2,4.2,4.1,4.5,2.11,2,5,3.83,4.67,4.67,4.33,5.25,4.75,2,1
421,5,4,5,1,5,5,1,1,2,2.4,1,4.5,1.33,4,1,4,421,421,36,1,4,3.8,2,3.6,2.75,3.22,2,4.2,4.1,4.5,2.11,2,5,3.83,4.67,4.67,4.33,5.25,4.75,2,1
421,6,2,2,4,1,2,5,4,4,1.8,1.67,2,2,1.5,4,3.67,421,421,36,1,4,3.8,2,3.6,2.75,3.22,2,4.2,4.1,4.5,2.11,2,5,3.83,4.67,4.67,4.33,5.25,4.75,2,1
421,7,3,2,3,2,4,3,3,3,3.2,3,3.5,2.5,2,3,5,421,421,36,1,4,3.8,2,3.6,2.75,3.22,2,4.2,4.1,4.5,2.11,2,5,3.83,4.67,4.67,4.33,5.25,4.75,2,1
421,8,3,5,1,2,5,1,1,2,3.4,3,4,1.17,4,1.5,4,421,421,36,1,4,3.8,2,3.6,2.75,3.22,2,4.2,4.1,4.5,2.11,2,5,3.83,4.67,4.67,4.33,5.25,4.75,2,1
421,9,3,5,1,5,5,1,1,1,1.8,1.33,2.5,1.17,4,1,4,421,421,36,1,4,3.8,2,3.6,2.75,3.22,2,4.2,4.1,4.5,2.11,2,5,3.83,4.67,4.67,4.33,5.25,4.75,2,1
421,10,3,3,1,1,2,1,1,2,2,1,3.5,1.17,3.5,1,4.67,421,421,36,1,4,3.8,2,3.6,2.75,3.22,2,4.2,4.1,4.5,2.11,2,5,3.83,4.67,4.67,4.33,5.25,4.75,2,1
422,1,4,4,1,4,5,3,2,4,3.6,3,4.5,1.17,5,1,4.5,422,422,23,1,3.6,3,2.6,4,2.25,4,2.5,4,4.65,5.25,1.78,3.8,5.33,4.33,5.5,4.67,4.67,2,2.88,2,1.25
422,2,4,3,4,2,4,2,1,4,2.4,1.67,3.5,1.67,4.5,1,5,422,422,23,1,3.6,3,2.6,4,2.25,4,2.5,4,4.65,5.25,1.78,3.8,5.33,4.33,5.5,4.67,4.67,2,2.88,2,1.25
422,3,4,1,5,1,2,4,5,5,2.2,1,4,1.83,3.5,1,5,422,422,23,1,3.6,3,2.6,4,2.25,4,2.5,4,4.65,5.25,1.78,3.8,5.33,4.33,5.5,4.67,4.67,2,2.88,2,1.25
422,4,3,2,2,3,4,5,5,5,2,1,3.5,3.5,3,1.5,4.33,422,422,23,1,3.6,3,2.6,4,2.25,4,2.5,4,4.65,5.25,1.78,3.8,5.33,4.33,5.5,4.67,4.67,2,2.88,2,1.25
422,5,2,1,5,4,2,5,4,3,1.4,1,2,3.17,1.5,1,4.5,422,422,23,1,3.6,3,2.6,4,2.25,4,2.5,4,4.65,5.25,1.78,3.8,5.33,4.33,5.5,4.67,4.67,2,2.88,2,1.25
422,6,4,3,3,5,5,4,3,4,2.8,1.67,4.5,2.5,-99,1,5,422,422,23,1,3.6,3,2.6,4,2.25,4,2.5,4,4.65,5.25,1.78,3.8,5.33,4.33,5.5,4.67,4.67,2,2.88,2,1.25
422,7,3,1,5,3,2,5,4,2,1.8,1,3,2.67,1.5,1,1.67,422,422,23,1,3.6,3,2.6,4,2.25,4,2.5,4,4.65,5.25,1.78,3.8,5.33,4.33,5.5,4.67,4.67,2,2.88,2,1.25
422,8,5,2,5,2,4,5,4,5,2.6,2.33,3,3,1.5,1.5,4.33,422,422,23,1,3.6,3,2.6,4,2.25,4,2.5,4,4.65,5.25,1.78,3.8,5.33,4.33,5.5,4.67,4.67,2,2.88,2,1.25
422,9,4,3,1,3,4,2,2,4,2.4,1,4.5,2.33,4.5,-99,4,422,422,23,1,3.6,3,2.6,4,2.25,4,2.5,4,4.65,5.25,1.78,3.8,5.33,4.33,5.5,4.67,4.67,2,2.88,2,1.25
422,10,3,2,5,3,3,5,2,5,2.2,2,2.5,4.17,2,-99,3.33,422,422,23,1,3.6,3,2.6,4,2.25,4,2.5,4,4.65,5.25,1.78,3.8,5.33,4.33,5.5,4.67,4.67,2,2.88,2,1.25
423,1,3,3,3,3,1,3,3,3,2.2,1.67,3,1.67,2.5,2,2.33,423,423,48,1,3.2,3.4,2.2,4,3.25,3.78,2.13,2,2.7,4.43,2.44,1,5.17,3.67,4.17,4.67,4.83,4.75,4.63,2,2.5
423,2,4,1,4,5,1,3,3,1,2.4,2.33,2.5,1,3.5,1.5,3,423,423,48,1,3.2,3.4,2.2,4,3.25,3.78,2.13,2,2.7,4.43,2.44,1,5.17,3.67,4.17,4.67,4.83,4.75,4.63,2,2.5
423,3,5,3,4,2,3,1,1,1,2,1.33,3,1.33,3,2,2,423,423,48,1,3.2,3.4,2.2,4,3.25,3.78,2.13,2,2.7,4.43,2.44,1,5.17,3.67,4.17,4.67,4.83,4.75,4.63,2,2.5
423,4,5,3,3,3,4,1,1,1,2.4,2,3,1.17,3.5,1,3.33,423,423,48,1,3.2,3.4,2.2,4,3.25,3.78,2.13,2,2.7,4.43,2.44,1,5.17,3.67,4.17,4.67,4.83,4.75,4.63,2,2.5
423,5,3,4,1,2,4,1,1,1,1.6,1,2.5,1.5,2.5,1,4,423,423,48,1,3.2,3.4,2.2,4,3.25,3.78,2.13,2,2.7,4.43,2.44,1,5.17,3.67,4.17,4.67,4.83,4.75,4.63,2,2.5
423,6,4,2,5,2,2,3,3,3,1.8,1,3,2.5,3,2.5,2.5,423,423,48,1,3.2,3.4,2.2,4,3.25,3.78,2.13,2,2.7,4.43,2.44,1,5.17,3.67,4.17,4.67,4.83,4.75,4.63,2,2.5
423,7,5,3,2,1,3,3,3,3,2.6,2,3.5,2.17,3,3,3,423,423,48,1,3.2,3.4,2.2,4,3.25,3.78,2.13,2,2.7,4.43,2.44,1,5.17,3.67,4.17,4.67,4.83,4.75,4.63,2,2.5
423,8,3,1,5,4,1,5,4,4,2,1.33,3,2.83,4,4,2,423,423,48,1,3.2,3.4,2.2,4,3.25,3.78,2.13,2,2.7,4.43,2.44,1,5.17,3.67,4.17,4.67,4.83,4.75,4.63,2,2.5
423,9,4,3,2,1,3,3,2,2,2,1.67,2.5,3,2.5,3,2,423,423,48,1,3.2,3.4,2.2,4,3.25,3.78,2.13,2,2.7,4.43,2.44,1,5.17,3.67,4.17,4.67,4.83,4.75,4.63,2,2.5
423,10,3,4,1,3,5,1,1,1,1.6,1.33,2,1.17,2.5,1.5,4,423,423,48,1,3.2,3.4,2.2,4,3.25,3.78,2.13,2,2.7,4.43,2.44,1,5.17,3.67,4.17,4.67,4.83,4.75,4.63,2,2.5
427,1,4,2,4,3,4,4,4,2,2.4,2,3,2.83,2,2.5,3.5,427,427,36,1,3.2,3.4,2.8,3.8,3.25,3.88,3.13,3.8,3.68,4,3.78,3.8,5,4.33,4.17,4.5,4.17,3.5,2.25,4,1.75
427,2,3,1,2,2,2,2,4,1,2.6,1.67,4,2.17,3,3,3,427,427,36,1,3.2,3.4,2.8,3.8,3.25,3.88,3.13,3.8,3.68,4,3.78,3.8,5,4.33,4.17,4.5,4.17,3.5,2.25,4,1.75
427,3,5,1,5,3,3,4,5,2,2.4,2.33,2.5,3.33,2,2.5,3.67,427,427,36,1,3.2,3.4,2.8,3.8,3.25,3.88,3.13,3.8,3.68,4,3.78,3.8,5,4.33,4.17,4.5,4.17,3.5,2.25,4,1.75
427,4,5,4,1,4,4,2,4,1,3.4,2.67,4.5,1.5,3,1.5,5,427,427,36,1,3.2,3.4,2.8,3.8,3.25,3.88,3.13,3.8,3.68,4,3.78,3.8,5,4.33,4.17,4.5,4.17,3.5,2.25,4,1.75
427,5,5,4,1,3,2,2,1,1,2.8,2.33,3.5,2,2,2,4,427,427,36,1,3.2,3.4,2.8,3.8,3.25,3.88,3.13,3.8,3.68,4,3.78,3.8,5,4.33,4.17,4.5,4.17,3.5,2.25,4,1.75
427,6,3,2,4,3,2,5,4,1,2.4,2,3,2.67,2.5,3.5,2,427,427,36,1,3.2,3.4,2.8,3.8,3.25,3.88,3.13,3.8,3.68,4,3.78,3.8,5,4.33,4.17,4.5,4.17,3.5,2.25,4,1.75
427,7,2,3,2,3,3,3,4,4,2.8,2.67,3,3.33,3,1.5,3,427,427,36,1,3.2,3.4,2.8,3.8,3.25,3.88,3.13,3.8,3.68,4,3.78,3.8,5,4.33,4.17,4.5,4.17,3.5,2.25,4,1.75
427,8,3,3,3,1,3,3,2,1,3.4,3,4,3.67,1.5,2.5,3,427,427,36,1,3.2,3.4,2.8,3.8,3.25,3.88,3.13,3.8,3.68,4,3.78,3.8,5,4.33,4.17,4.5,4.17,3.5,2.25,4,1.75
427,9,3,5,2,4,4,3,2,3,3.2,2.67,4,3,2,1.5,3.5,427,427,36,1,3.2,3.4,2.8,3.8,3.25,3.88,3.13,3.8,3.68,4,3.78,3.8,5,4.33,4.17,4.5,4.17,3.5,2.25,4,1.75
427,10,2,1,5,2,2,4,4,1,2.4,2,3,2.83,2.5,3.5,2.33,427,427,36,1,3.2,3.4,2.8,3.8,3.25,3.88,3.13,3.8,3.68,4,3.78,3.8,5,4.33,4.17,4.5,4.17,3.5,2.25,4,1.75
428,1,5,1,1,3,2,4,2,1,3,2,4.5,3.83,2,1,5,428,428,23,1,3.4,4.4,2.8,3.6,3.75,3.56,1.25,2.8,4,4,2.11,1.4,4.5,3.17,4.33,5.33,5.17,2.75,5.25,4,2.5
428,2,4,2,2,2,3,4,2,4,2.6,2,3.5,3.33,1,1.5,5,428,428,23,1,3.4,4.4,2.8,3.6,3.75,3.56,1.25,2.8,4,4,2.11,1.4,4.5,3.17,4.33,5.33,5.17,2.75,5.25,4,2.5
428,3,4,3,1,4,4,1,3,5,2.4,1.67,3.5,2.17,3,1.5,4.33,428,428,23,1,3.4,4.4,2.8,3.6,3.75,3.56,1.25,2.8,4,4,2.11,1.4,4.5,3.17,4.33,5.33,5.17,2.75,5.25,4,2.5
428,4,2,3,3,3,2,3,1,1,1.2,1,1.5,1.83,3.5,1.5,2,428,428,23,1,3.4,4.4,2.8,3.6,3.75,3.56,1.25,2.8,4,4,2.11,1.4,4.5,3.17,4.33,5.33,5.17,2.75,5.25,4,2.5
428,5,3,3,1,3,4,1,1,1,1.2,1,1.5,1,3.5,1,5,428,428,23,1,3.4,4.4,2.8,3.6,3.75,3.56,1.25,2.8,4,4,2.11,1.4,4.5,3.17,4.33,5.33,5.17,2.75,5.25,4,2.5
428,6,5,3,1,5,3,1,1,1,2,1,3.5,1.17,4,1,5,428,428,23,1,3.4,4.4,2.8,3.6,3.75,3.56,1.25,2.8,4,4,2.11,1.4,4.5,3.17,4.33,5.33,5.17,2.75,5.25,4,2.5
428,7,3,3,1,3,3,1,1,1,1.8,1,3,1,3.5,1,4,428,428,23,1,3.4,4.4,2.8,3.6,3.75,3.56,1.25,2.8,4,4,2.11,1.4,4.5,3.17,4.33,5.33,5.17,2.75,5.25,4,2.5
428,8,4,4,1,3,4,1,1,1,1.2,1,1.5,1,4.5,1,4,428,428,23,1,3.4,4.4,2.8,3.6,3.75,3.56,1.25,2.8,4,4,2.11,1.4,4.5,3.17,4.33,5.33,5.17,2.75,5.25,4,2.5
428,9,4,4,1,4,5,1,1,1,2.2,1,4,1,4.5,1,5,428,428,23,1,3.4,4.4,2.8,3.6,3.75,3.56,1.25,2.8,4,4,2.11,1.4,4.5,3.17,4.33,5.33,5.17,2.75,5.25,4,2.5
428,10,5,5,1,5,5,1,1,1,1.8,1,3,1,4.5,1,5,428,428,23,1,3.4,4.4,2.8,3.6,3.75,3.56,1.25,2.8,4,4,2.11,1.4,4.5,3.17,4.33,5.33,5.17,2.75,5.25,4,2.5
430,1,4,1,1,5,3,4,3,1,1.4,1,2,1.5,4,1.5,3,430,430,35,1,4,4.4,2,2.2,2.25,3.11,1,2.8,4.1,5.63,1.44,1.6,4.83,4.17,2.67,4.83,4.33,4.75,4.25,2,1
430,2,4,2,4,2,4,3,2,3,2,1,3.5,3.33,3,2,4.67,430,430,35,1,4,4.4,2,2.2,2.25,3.11,1,2.8,4.1,5.63,1.44,1.6,4.83,4.17,2.67,4.83,4.33,4.75,4.25,2,1
430,3,5,3,3,2,2,3,1,2,2.2,1,4,3.17,3,1.5,4,430,430,35,1,4,4.4,2,2.2,2.25,3.11,1,2.8,4.1,5.63,1.44,1.6,4.83,4.17,2.67,4.83,4.33,4.75,4.25,2,1
430,4,4,1,5,3,2,5,4,3,2.2,2,2.5,3.67,2,3,3,430,430,35,1,4,4.4,2,2.2,2.25,3.11,1,2.8,4.1,5.63,1.44,1.6,4.83,4.17,2.67,4.83,4.33,4.75,4.25,2,1
430,5,5,3,5,2,5,1,1,1,1.8,1,3,1.17,5,1,5,430,430,35,1,4,4.4,2,2.2,2.25,3.11,1,2.8,4.1,5.63,1.44,1.6,4.83,4.17,2.67,4.83,4.33,4.75,4.25,2,1
430,6,3,3,4,2,3,4,3,3,2.8,2.33,3.5,3.17,3,2.5,3.67,430,430,35,1,4,4.4,2,2.2,2.25,3.11,1,2.8,4.1,5.63,1.44,1.6,4.83,4.17,2.67,4.83,4.33,4.75,4.25,2,1
430,7,4,3,3,3,3,5,3,4,1.8,1.67,2,3.67,1.5,4.5,2,430,430,35,1,4,4.4,2,2.2,2.25,3.11,1,2.8,4.1,5.63,1.44,1.6,4.83,4.17,2.67,4.83,4.33,4.75,4.25,2,1
430,8,4,4,3,2,4,1,1,1,1.8,1,3,1,5,1,5,430,430,35,1,4,4.4,2,2.2,2.25,3.11,1,2.8,4.1,5.63,1.44,1.6,4.83,4.17,2.67,4.83,4.33,4.75,4.25,2,1
430,9,3,2,3,4,3,4,3,3,2.8,2,4,4.83,1.5,2,3.67,430,430,35,1,4,4.4,2,2.2,2.25,3.11,1,2.8,4.1,5.63,1.44,1.6,4.83,4.17,2.67,4.83,4.33,4.75,4.25,2,1
430,10,4,3,2,3,5,1,1,1,2.6,1,5,1.17,5,1,5,430,430,35,1,4,4.4,2,2.2,2.25,3.11,1,2.8,4.1,5.63,1.44,1.6,4.83,4.17,2.67,4.83,4.33,4.75,4.25,2,1
